Dissemination Area;dauid;Population;Total population by sex and age groups;Total population by sex and age groups_1;Male, total / 0 to 4 years;Male, total / 5 to 9 years;Male, total / 10 to 14 years;Male, total / 15 to 19 years;Male, total / 20 to 24 years;Male, total / 25 to 29 years;Male, total / 30 to 34 years;Male, total / 35 to 39 years;Male, total / 40 to 44 years;Male, total / 45 to 49 years;Male, total / 50 to 54 years;Male, total / 55 to 59 years;Male, total / 60 to 64 years;Male, total / 65 to 69 years;Male, total / 70 to 74 years;Male, total / 75 to 79 years;Male, total / 80 to 84 years;Male, total / 85 years and over;Total population by sex and age groups_2;Female, total / 0 to 4 years;Female, total / 5 to 9 years;Female, total / 10 to 14 years;Female, total / 15 to 19 years;Female, total / 20 to 24 years;Female, total / 25 to 29 years;Female, total / 30 to 34 years;Female, total / 35 to 39 years;Female, total / 40 to 44 years;Female, total / 45 to 49 years;Female, total / 50 to 54 years;Female, total / 55 to 59 years;Female, total / 60 to 64 years;Female, total / 65 to 69 years;Female, total / 70 to 74 years;Female, total / 75 to 79 years;Female, total / 80 to 84 years;Female, total / 85 years and over;arret
1;24810001;622;625;280;20;5;15;20;20;20;15;15;30;30;25;15;15;15;10;5;5;5;340;15;15;15;30;25;15;10;20;40;30;30;20;15;20;10;15;5;5;5084
2;24810002;406;405;185;5;5;10;10;15;15;10;5;15;25;15;10;10;10;5;5;5;5;220;5;15;10;15;15;20;10;20;15;15;20;5;10;10;10;10;10;10;5084
3;24810003;469;470;220;10;5;15;15;10;10;15;20;10;20;20;20;15;5;15;5;10;5;250;10;15;20;10;10;20;10;15;20;20;25;20;5;10;5;10;15;20;5084
4;24810004;421;420;195;10;20;20;20;10;10;5;5;20;20;15;10;10;10;5;5;0;5;225;10;10;25;20;10;10;10;15;25;20;10;10;15;15;15;5;5;5;5084
5;24810005;511;510;220;10;5;15;15;10;15;5;15;20;15;20;15;15;10;10;15;10;0;295;10;10;15;15;10;10;10;25;25;5;20;25;15;20;25;25;15;15;5084
6;24810006;452;455;205;10;5;5;15;10;20;10;15;20;15;20;10;15;10;5;10;5;10;250;10;15;10;10;20;15;15;10;15;20;20;20;15;10;15;15;15;10;5084
7;24810007;475;475;225;10;10;20;15;20;10;20;15;20;25;10;15;10;5;5;5;5;0;250;5;10;15;15;10;15;15;15;20;25;15;25;10;5;15;20;10;5;5084
8;24810008;545;545;265;15;15;20;20;20;15;15;20;15;30;25;25;15;10;10;10;0;0;275;10;15;15;20;10;15;10;25;30;25;25;20;10;5;10;5;0;5;5084
9;24810009;551;550;265;20;15;20;20;25;20;10;15;20;25;20;25;5;5;5;5;5;5;285;15;10;15;25;20;30;15;20;30;25;25;15;15;20;10;10;0;0;5084
10;24810010;495;495;235;10;15;20;20;15;20;20;20;30;20;10;5;10;10;5;5;0;0;260;20;20;15;20;15;15;25;20;35;15;20;10;15;5;0;5;0;0;5084
11;24810011;433;435;220;10;10;10;15;10;10;15;10;15;20;20;25;15;15;5;0;5;0;215;10;20;15;5;10;10;15;10;20;20;15;15;15;15;5;5;0;0;5084
12;24810012;509;515;235;15;15;10;20;20;5;20;15;20;20;15;20;10;15;5;10;5;5;275;5;10;15;15;15;10;10;15;25;20;25;20;15;10;10;15;15;15;5084
13;24810013;672;670;305;25;20;20;20;20;25;15;20;20;20;15;20;15;10;5;10;10;10;365;20;20;25;20;20;20;20;25;25;20;20;20;20;10;10;10;20;35;5084
14;24810014;355;355;170;15;0;10;10;20;15;5;15;15;15;10;10;10;10;10;5;5;0;185;5;10;15;15;10;10;10;10;25;15;10;15;10;15;5;0;5;0;5084
15;24810015;616;615;310;35;30;30;15;15;25;30;20;25;20;25;20;10;5;0;0;0;0;305;20;15;35;20;20;30;20;30;35;25;15;10;10;5;0;0;5;0;5084
16;24810016;439;440;210;20;15;15;15;25;15;20;10;15;20;5;5;10;5;0;0;0;0;230;10;10;20;20;25;20;15;15;20;20;20;10;10;0;5;5;5;0;5084
17;24810017;709;710;355;20;30;45;30;15;15;30;25;35;35;25;15;10;10;5;5;5;0;350;15;25;30;20;15;20;30;30;50;35;20;10;20;5;15;5;5;0;5084
18;24810018;615;615;285;25;20;25;25;15;15;15;20;30;35;25;15;10;5;0;5;0;0;330;15;25;25;20;15;25;15;35;40;35;25;25;5;10;5;5;0;0;5084
19;24810019;530;530;280;15;10;25;20;20;15;15;15;20;25;25;35;15;10;5;0;0;0;255;10;20;10;15;15;10;15;15;15;30;35;20;15;5;10;5;5;0;5084
20;24810020;386;390;195;15;10;20;20;5;15;10;15;25;20;10;10;5;5;0;0;0;0;195;10;10;15;10;10;15;15;15;30;15;25;10;5;5;0;5;0;0;5084
21;24810021;416;415;215;15;10;15;10;25;5;10;15;15;20;20;20;20;5;10;5;5;0;205;5;15;10;15;10;5;10;10;15;35;10;15;15;10;10;5;0;0;5084
22;24810022;724;725;365;20;20;40;30;25;20;20;25;40;35;25;20;20;0;10;10;0;0;360;25;25;30;25;25;15;25;25;35;40;25;20;15;10;10;10;5;15;5084
23;24810023;496;495;235;15;10;15;15;10;20;10;10;15;25;20;15;5;10;5;10;5;5;260;5;10;20;15;15;15;10;15;25;25;15;15;10;10;20;10;10;5;5084
24;24810024;757;755;355;35;35;40;25;15;55;40;25;30;20;15;15;5;0;0;0;5;0;405;40;35;30;25;30;50;40;35;30;20;20;5;0;10;10;5;5;5;5084
26;24810026;720;720;350;15;15;30;35;15;20;20;20;45;35;25;30;15;10;10;5;5;0;370;20;20;30;30;20;20;20;25;40;40;30;20;20;5;15;5;5;5;5084
27;24810027;473;470;225;15;15;10;10;10;10;10;10;20;20;15;20;15;10;5;10;5;5;245;5;15;20;20;10;5;10;15;25;10;20;15;20;10;15;10;5;5;5084
28;24810028;399;400;195;10;15;15;25;10;15;10;15;20;15;15;10;10;0;5;10;0;5;205;15;20;20;10;5;15;10;15;20;10;20;10;5;5;10;10;0;5;5084
29;24810029;690;690;345;25;25;25;25;20;20;25;20;30;35;25;15;15;25;5;10;0;0;345;25;25;20;20;20;30;35;20;25;30;30;25;10;10;10;10;5;0;5084
30;24810030;590;595;295;10;20;25;20;20;15;15;20;25;30;35;20;15;10;5;5;0;0;295;5;20;25;25;10;20;15;25;20;35;20;15;15;10;10;10;5;5;5084
31;24810031;487;490;250;15;30;35;15;5;20;30;25;20;15;10;10;5;0;0;0;0;0;240;30;25;20;5;20;20;25;35;25;15;15;5;5;0;5;0;0;0;5084
32;24810032;1346;1350;680;75;90;65;35;15;55;80;80;70;40;25;15;15;10;5;0;5;0;665;75;75;55;25;30;60;90;90;65;30;15;25;20;5;5;5;0;0;5084
33;24810033;1283;1280;630;55;70;70;40;20;50;80;55;75;30;30;25;10;10;5;0;0;0;660;80;60;65;35;25;60;80;85;60;35;30;20;10;10;0;0;0;0;5084
34;24810034;576;580;280;10;10;25;30;15;10;20;25;30;40;20;20;10;0;0;0;0;0;295;10;25;40;30;20;10;20;25;30;35;20;20;5;0;0;0;0;0;5084
35;24810035;583;585;295;15;20;35;25;15;15;20;20;35;30;25;10;15;10;5;0;5;5;285;10;25;20;25;15;15;20;35;40;25;10;25;15;0;0;5;0;5;5084
36;24810036;621;620;280;15;10;30;20;10;20;20;20;30;30;20;20;15;5;10;5;0;0;340;20;30;35;30;20;20;15;35;30;25;20;20;10;15;5;10;5;0;5084
37;24810037;888;890;455;40;40;25;45;25;20;40;45;30;35;30;25;30;15;10;10;0;0;430;35;30;30;20;20;40;45;35;40;40;25;25;20;10;10;5;5;5;5084
38;24810038;798;800;425;10;20;25;30;25;15;25;30;45;60;45;30;25;15;20;15;5;5;370;20;20;15;25;15;20;25;25;40;50;35;30;20;15;10;10;5;0;5084
39;24810039;1124;1120;545;25;45;50;35;40;35;35;45;65;55;40;35;15;20;5;5;5;0;575;30;40;60;45;40;30;45;55;65;60;40;35;15;10;5;0;5;0;5084
40;24810040;598;600;300;20;30;30;20;15;20;30;25;35;20;20;15;5;0;5;5;0;0;300;20;25;30;25;15;20;30;30;35;25;15;15;5;5;0;0;0;0;5084
41;24810041;377;375;185;10;15;20;15;15;10;5;15;15;20;20;10;5;0;0;0;0;0;195;10;15;15;20;20;15;15;15;15;20;20;10;5;0;0;5;0;0;5084
42;24810042;880;880;425;35;25;40;25;20;40;35;40;40;35;25;15;25;10;5;5;0;0;455;30;40;35;25;30;45;35;40;35;40;25;20;20;10;5;0;5;0;5084
43;24810043;796;795;405;25;25;45;60;25;20;10;30;35;50;40;20;15;10;0;5;0;0;390;15;20;40;40;20;25;30;25;45;50;35;20;15;5;5;0;0;0;5084
44;24810044;672;675;335;15;20;25;30;30;30;20;25;25;35;30;25;15;15;5;0;0;0;340;20;15;25;35;30;25;25;15;30;40;30;20;20;10;5;0;0;0;5084
45;24810045;393;390;190;10;10;10;15;20;15;5;10;5;20;35;20;15;5;0;0;0;0;200;5;5;10;20;15;10;10;10;10;25;30;20;10;0;5;5;0;0;5084
47;24810047;540;540;280;15;10;20;20;30;20;15;15;30;15;30;20;15;5;10;0;5;5;255;10;20;20;20;20;10;15;20;20;25;30;20;10;5;5;0;5;0;5084
48;24810048;615;615;290;10;10;15;25;25;15;15;20;30;30;35;30;15;10;5;5;0;0;325;20;10;25;35;30;15;15;20;30;35;40;25;10;10;0;5;5;0;5084
49;24810049;420;420;210;5;5;10;25;20;15;10;20;20;25;25;20;15;5;0;0;0;0;210;10;0;10;25;10;10;10;15;20;30;20;15;10;15;5;5;0;0;5084
50;24810050;384;380;190;10;10;15;10;15;10;15;10;25;25;15;15;0;5;5;5;0;0;195;10;5;10;15;10;15;15;20;15;20;10;10;10;5;0;0;0;0;5084
51;24810051;591;590;300;10;20;20;20;25;25;15;20;30;40;25;10;20;10;10;0;0;0;290;15;15;15;25;15;25;10;25;25;35;25;15;15;15;5;10;0;0;5084
52;24810052;369;365;180;0;10;5;10;10;25;15;10;20;15;20;10;5;5;10;0;5;0;190;10;5;15;10;15;15;15;5;20;30;15;10;10;10;5;0;0;0;5084
53;24810053;777;780;370;20;15;20;20;25;35;35;30;25;35;25;20;25;10;5;10;0;0;410;30;25;20;25;40;35;25;20;35;35;30;30;25;10;10;10;5;0;5084
54;24810054;461;465;230;15;5;20;10;15;10;10;15;25;20;20;15;15;15;5;5;0;0;230;10;5;20;15;15;10;15;15;20;25;25;10;15;10;10;5;5;0;5084
55;24810055;560;560;270;10;15;15;20;20;15;15;10;25;20;20;15;20;15;10;5;5;0;290;5;20;20;25;15;15;20;10;20;15;35;20;25;15;5;5;5;10;5084
56;24810056;658;655;340;15;30;30;30;25;20;25;25;30;30;25;15;10;10;15;5;0;0;315;20;15;20;20;15;20;20;25;35;35;25;15;10;15;10;5;5;0;5084
57;24810057;298;300;140;10;5;10;10;10;5;10;10;15;15;5;10;10;5;5;5;0;0;155;10;10;15;10;5;5;10;10;10;15;15;10;15;5;5;0;5;5;5084
58;24810058;612;610;290;15;20;15;20;15;25;20;25;35;15;15;25;20;5;15;5;5;5;320;15;25;20;10;25;30;25;15;25;25;20;30;15;5;25;10;10;0;5084
59;24810059;604;600;310;10;10;20;30;35;20;20;15;20;40;30;15;15;10;10;5;0;0;295;10;5;15;20;25;15;15;15;35;30;25;25;15;10;5;20;0;0;5084
60;24810060;557;560;260;15;15;20;10;20;15;15;20;25;20;15;30;15;10;5;5;5;5;290;15;10;15;15;10;15;10;15;20;20;30;20;15;15;15;20;20;10;5084
61;24810061;499;500;260;5;5;10;15;35;15;15;15;25;25;25;20;15;15;10;15;0;0;240;0;5;10;20;15;10;10;20;20;30;25;10;15;15;15;10;5;0;5084
62;24810062;490;490;225;10;5;10;15;25;15;5;15;20;20;20;25;15;10;5;5;0;0;260;10;10;10;15;25;10;10;10;30;20;20;15;10;10;10;15;10;15;5084
63;24810063;432;435;225;10;0;5;15;15;20;15;15;20;30;25;20;10;15;10;10;5;5;210;10;0;10;15;10;20;5;15;15;30;15;10;5;10;10;5;5;0;5084
65;24810065;460;460;220;10;15;25;15;15;20;15;15;15;10;20;10;20;5;10;5;5;0;235;10;10;10;5;20;20;10;10;15;20;15;25;20;10;10;5;5;5;5084
66;24810066;441;440;210;10;10;5;15;20;15;10;5;15;25;20;20;15;5;10;5;5;5;225;10;10;20;10;25;20;5;10;20;25;15;20;15;10;10;10;5;0;5084
67;24810067;461;465;225;10;5;15;20;25;15;5;25;20;25;25;5;10;10;5;5;5;0;240;10;10;15;25;20;20;10;10;30;15;20;10;5;10;10;10;0;5;5084
68;24810068;448;445;225;10;10;15;10;10;5;15;15;15;20;15;20;10;15;20;10;5;0;225;5;10;15;15;10;10;10;10;20;20;15;15;15;20;15;10;5;0;5084
69;24810069;424;425;195;5;10;10;10;5;5;5;15;20;20;20;10;10;15;10;10;5;0;230;0;5;15;15;20;10;10;10;20;20;20;20;10;15;15;10;5;5;5084
70;24810070;614;615;310;5;10;25;30;15;10;15;20;20;25;25;20;20;30;20;10;5;0;300;10;5;15;15;15;10;15;20;30;35;15;20;30;30;15;10;0;0;5084
71;24810071;720;720;350;20;20;25;35;15;15;30;15;30;35;35;25;10;10;15;5;5;5;370;25;20;30;25;20;25;30;15;40;25;40;20;15;25;15;5;5;5;5084
72;24810072;485;485;245;10;15;20;15;15;10;15;15;25;20;15;15;15;10;15;5;5;0;240;10;10;15;15;10;15;15;15;25;20;15;15;20;10;20;5;0;5;5084
73;24810073;265;265;130;5;5;5;10;10;5;5;10;10;15;10;25;10;5;5;5;0;0;135;5;0;5;5;10;10;5;10;5;20;20;10;10;5;10;5;5;0;5084
74;24810074;538;540;290;15;20;25;20;20;15;20;15;35;25;25;20;10;10;10;5;10;0;255;5;10;15;10;15;20;20;15;25;25;15;20;10;10;15;15;0;0;5084
75;24810075;384;385;205;0;15;15;10;20;20;15;15;15;20;10;5;15;5;10;5;5;0;180;10;0;10;20;10;10;10;5;15;10;15;15;5;15;15;5;5;0;5084
76;24810076;479;480;215;10;10;10;15;15;10;5;10;15;25;15;25;10;15;20;10;0;0;260;10;10;15;20;15;5;10;10;20;25;15;15;20;15;25;15;5;10;5084
77;24810077;522;525;250;5;10;20;15;25;35;20;15;25;15;25;15;5;10;5;5;0;5;275;10;10;20;20;25;35;15;25;20;20;25;20;10;5;10;5;5;0;5084
78;24810078;405;405;210;10;5;15;15;10;15;15;5;15;15;20;25;15;5;10;10;5;5;195;10;5;10;15;15;10;10;10;20;20;15;15;10;5;15;10;5;10;5084
79;24810079;455;455;175;0;5;20;5;15;5;10;5;10;5;10;20;5;10;10;10;10;15;280;10;5;10;10;5;5;10;5;10;15;15;10;15;10;25;35;45;45;5084
80;24810080;547;550;245;5;10;20;25;15;20;10;15;15;25;15;30;15;10;5;5;0;5;305;5;15;15;25;30;15;15;15;30;25;25;20;25;15;10;5;0;0;5084
81;24810081;559;560;235;10;15;15;20;20;25;10;15;35;25;20;10;10;5;0;5;0;0;325;20;20;30;30;30;20;10;25;30;35;25;25;15;10;5;5;0;0;5084
82;24810082;537;540;260;15;15;15;20;20;20;20;10;25;30;20;25;15;10;0;0;0;0;275;10;10;25;20;20;25;15;20;30;35;25;20;15;5;5;0;0;0;5084
83;24810083;416;420;195;10;15;15;30;10;10;5;20;25;10;25;10;5;0;0;0;0;0;220;10;15;25;20;15;10;15;20;25;15;20;10;5;0;0;0;0;0;5084
84;24810084;490;490;245;20;20;20;20;20;25;20;20;25;20;15;15;5;0;0;0;0;0;245;15;10;20;15;15;30;20;10;40;15;15;10;10;5;0;5;0;5;5084
85;24810085;563;565;275;10;15;10;30;20;10;15;15;40;40;25;20;15;5;5;5;0;0;295;10;10;30;25;15;10;15;15;40;40;25;20;15;10;5;0;0;0;5084
86;24810086;471;470;230;15;15;30;15;10;15;20;10;25;25;15;15;0;0;0;0;0;0;245;15;20;20;25;20;20;20;10;35;30;15;10;0;5;0;0;0;0;5084
88;24810088;565;565;285;30;25;35;30;15;20;25;20;35;25;10;5;0;0;0;0;0;0;285;20;20;30;25;20;25;30;30;40;30;15;5;5;0;0;0;5;0;5084
89;24810089;571;570;270;10;10;40;30;15;15;10;10;30;45;25;25;10;10;0;0;0;0;300;15;25;20;40;15;10;15;20;35;40;25;20;10;5;0;0;0;0;5084
90;24810090;380;380;170;10;10;15;10;15;15;15;10;15;15;10;5;0;0;0;0;0;0;210;10;10;25;20;20;25;10;10;25;20;15;5;5;5;5;0;0;5;5084
91;24810091;323;325;160;5;10;15;15;15;10;10;15;10;10;15;10;5;5;0;0;0;0;160;5;5;20;5;10;15;5;15;15;25;10;0;0;5;5;0;0;0;5084
92;24810092;2056;2055;990;85;85;120;80;35;35;90;100;145;105;55;30;15;10;5;0;0;5;1065;90;105;130;80;50;40;100;120;155;85;50;20;20;5;5;5;0;0;5084
94;24810094;762;760;365;25;30;40;35;15;25;35;35;40;30;20;15;10;5;0;0;0;0;395;30;35;45;25;15;25;40;40;50;30;15;20;15;5;5;0;5;0;5084
95;24810095;883;885;400;25;35;35;25;20;30;35;30;35;50;35;15;10;10;5;5;0;0;485;30;30;60;40;25;45;35;45;65;40;20;20;10;10;5;5;5;0;5084
96;24810096;496;495;245;10;20;20;20;25;20;15;20;15;25;25;10;10;5;0;0;0;0;255;15;10;20;20;15;20;20;20;30;30;20;20;10;0;5;5;0;0;5084
97;24810097;440;440;215;15;15;20;25;15;15;15;15;20;25;20;15;10;0;0;0;0;0;225;5;10;20;25;10;10;15;15;20;25;25;20;5;5;0;5;0;5;5084
98;24810098;1416;1420;655;30;35;40;45;50;35;35;50;75;60;65;50;35;25;20;10;5;5;760;35;35;65;50;40;45;50;50;85;80;75;40;30;30;15;15;5;0;5084
100;24810100;1015;1015;495;35;30;60;45;35;15;25;45;65;55;30;20;15;5;5;0;0;5;520;35;45;65;55;20;20;30;55;75;40;30;20;15;10;5;5;5;5;5084
101;24810101;523;525;245;15;20;25;30;10;15;15;20;25;25;10;20;5;5;0;0;5;0;280;25;25;30;25;5;20;20;25;40;30;15;15;5;0;0;0;0;0;5084
102;24810102;1177;1175;555;30;60;60;40;25;30;40;50;65;60;40;20;20;10;10;5;0;0;625;30;55;70;50;30;40;45;70;65;55;45;30;15;10;10;10;0;0;5084
103;24810103;619;620;290;10;5;5;10;20;15;5;15;25;20;30;20;20;30;20;15;10;0;325;5;10;5;5;20;15;10;10;25;25;35;40;35;25;30;25;10;0;5084
104;24810104;323;320;155;5;0;5;5;10;0;15;5;15;15;15;15;15;10;5;10;0;0;170;5;5;5;5;5;15;5;5;10;20;15;15;20;15;20;10;0;0;5084
105;24810105;925;925;430;35;40;45;25;20;20;35;55;55;40;30;15;5;5;0;0;0;0;495;50;55;45;45;20;25;50;55;50;45;25;15;5;5;5;0;0;0;5084
106;24810106;393;395;180;15;10;20;20;15;15;15;5;15;25;25;10;5;0;0;0;0;0;210;15;10;20;20;10;25;15;15;25;25;20;10;5;5;0;0;0;0;5084
108;24810108;488;485;200;5;5;15;15;15;15;15;15;15;15;15;15;15;5;10;10;0;5;280;10;5;10;15;10;20;10;20;15;35;35;35;20;15;15;10;5;5;5084
109;24810109;424;425;205;5;10;15;15;15;20;10;10;10;20;25;20;10;5;5;0;0;0;220;10;10;15;20;15;5;5;15;25;25;25;20;10;5;0;0;0;5;5084
110;24810110;370;370;180;5;10;10;20;10;10;15;15;10;25;25;20;10;5;0;5;0;0;190;15;5;10;20;20;10;10;10;15;25;25;20;5;0;5;0;0;0;5084
111;24810111;389;390;205;5;5;20;10;20;15;15;10;10;20;20;20;20;10;5;0;5;0;185;5;10;15;10;10;10;10;10;15;20;30;25;10;10;0;5;0;0;5084
112;24810112;362;360;180;5;10;15;15;10;10;10;10;10;15;20;20;15;5;5;0;0;0;185;5;10;25;10;10;10;5;15;15;25;25;15;10;5;0;0;0;0;5084
113;24810113;352;355;170;5;10;15;10;20;5;0;10;15;20;30;20;10;5;5;5;0;0;180;5;0;10;15;15;5;10;10;10;30;25;20;5;10;5;5;0;0;5084
114;24810114;740;740;350;20;20;30;25;60;45;20;20;30;25;30;15;10;10;5;5;0;0;390;15;25;25;25;65;40;20;15;35;35;20;20;15;15;15;5;0;0;5084
115;24810115;1036;1035;465;10;15;15;35;35;35;10;15;25;35;50;45;40;30;25;30;5;0;570;10;10;25;30;40;20;20;25;30;55;60;55;45;45;40;40;10;5;5084
116;24810116;259;255;135;15;0;5;0;15;20;20;10;15;10;5;10;5;0;0;0;0;0;130;5;5;5;10;10;15;15;10;5;20;10;5;5;0;0;0;0;0;5084
117;24810117;576;580;275;10;10;20;20;25;20;15;20;20;25;25;20;15;15;15;10;5;0;300;10;10;15;25;20;10;10;20;30;25;35;20;15;15;20;10;5;5;5084
118;24810118;492;490;220;10;5;15;10;10;10;15;25;15;15;10;20;10;15;10;15;5;0;270;10;5;10;15;10;0;15;15;15;20;25;20;20;20;30;20;15;5;5084
119;24810119;464;465;235;5;5;20;10;15;15;10;25;20;15;15;25;15;15;15;5;0;5;230;10;10;15;15;5;15;10;15;20;15;20;20;20;5;10;5;0;0;5084
120;24810120;392;390;205;15;5;20;15;15;15;5;15;20;15;15;15;15;15;5;5;0;0;190;5;5;10;20;15;15;10;5;40;15;15;10;15;10;10;5;5;0;5084
121;24810121;491;490;250;10;15;10;20;35;20;5;20;20;20;20;10;15;10;10;5;5;0;235;10;5;15;25;20;5;20;10;25;25;20;15;20;10;10;5;5;0;5084
122;24810122;816;815;355;30;30;25;40;30;25;25;30;25;20;25;15;15;15;5;5;0;0;465;35;25;30;40;35;20;25;35;40;40;35;25;20;15;10;10;5;10;5084
123;24810123;886;885;425;30;15;30;30;20;25;20;25;45;50;45;25;15;20;10;5;0;0;460;20;15;30;35;25;35;25;40;55;50;50;20;15;20;15;10;5;0;5084
124;24810124;706;705;320;15;10;20;15;15;25;20;25;20;25;35;25;25;10;10;15;5;0;385;10;10;25;20;25;20;20;25;30;40;25;40;35;25;20;10;5;0;5084
125;24810125;592;590;280;20;15;20;15;20;30;20;20;35;20;15;15;5;5;5;0;0;5;315;20;15;25;30;35;25;20;25;25;25;20;15;10;10;5;5;5;0;5084
126;24810126;522;520;250;10;10;20;20;20;15;15;15;20;25;20;15;15;15;5;10;0;5;265;15;15;10;15;20;15;15;20;40;20;20;20;10;15;10;5;5;0;5084
127;24810127;653;655;290;5;15;20;25;15;20;20;15;15;25;25;25;20;15;10;10;5;0;360;15;15;15;20;25;20;15;15;25;30;30;35;25;20;35;25;0;10;5084
128;24810128;365;365;175;10;10;10;10;10;5;5;10;15;15;15;10;25;10;5;0;5;0;195;0;5;15;10;10;10;5;10;15;30;10;20;25;15;5;0;0;5;5084
129;24810129;633;635;305;15;20;30;35;20;20;15;20;25;25;20;15;25;15;5;5;0;0;330;20;25;20;30;20;15;15;25;35;30;15;30;20;20;5;5;0;5;5084
130;24810130;464;465;215;10;10;15;20;15;20;15;10;15;30;20;15;10;5;5;0;0;0;250;10;10;20;15;15;20;10;20;25;25;25;20;15;10;0;0;5;0;5084
131;24810131;509;510;250;15;15;20;15;5;15;15;10;20;20;15;25;25;20;15;5;0;0;260;10;20;15;10;5;5;20;25;20;20;15;25;25;15;10;5;0;0;5084
132;24810132;450;450;215;0;10;15;20;15;10;15;10;20;15;15;15;20;10;5;0;5;0;235;5;10;15;15;15;10;5;15;25;30;25;25;25;10;5;5;0;5;5084
133;24810133;410;410;190;5;10;10;15;10;10;15;20;10;15;15;20;15;10;5;5;5;0;220;5;15;15;15;15;10;10;10;20;30;25;15;20;15;5;5;0;5;5084
134;24810134;568;570;290;15;20;30;25;25;10;20;10;20;25;30;25;20;5;5;5;0;5;285;10;10;15;25;10;15;10;25;25;30;25;30;20;10;10;5;5;0;5084
135;24810135;1224;1225;495;15;15;30;25;35;20;5;15;15;20;30;25;25;25;45;55;60;40;735;20;15;15;20;20;30;15;15;25;35;35;35;45;50;75;105;120;60;5084
136;24810136;487;485;210;10;10;15;20;15;15;10;15;10;20;15;15;15;5;10;5;5;0;275;10;10;25;15;15;25;10;15;20;25;25;30;20;15;10;10;10;5;5084
137;24810137;686;680;345;15;20;20;15;35;30;20;25;40;30;30;20;20;10;15;5;5;5;335;15;15;15;15;35;35;20;25;30;35;25;30;20;10;15;5;5;0;5084
138;24810138;674;670;305;5;5;5;20;25;20;10;10;25;25;25;35;35;30;20;5;5;0;365;10;5;10;10;15;10;5;15;25;15;25;35;55;40;35;25;20;15;5084
139;24810139;444;445;185;5;10;5;10;20;15;10;10;10;10;20;15;15;15;10;10;0;0;260;10;5;5;10;15;20;5;5;15;15;20;20;30;30;15;15;5;20;5084
140;24810140;308;310;145;5;0;10;5;5;5;5;10;20;15;10;10;15;5;5;5;5;5;160;5;5;15;10;5;5;10;10;20;20;5;15;5;5;10;10;5;0;5084
141;24810141;437;435;220;5;5;10;5;15;10;10;10;15;30;15;10;20;15;25;15;10;5;215;5;5;10;10;10;5;15;10;10;20;20;20;25;25;25;15;0;5;5084
142;24810142;302;305;150;5;5;10;5;15;10;5;10;10;10;15;15;10;5;10;0;5;0;150;10;5;10;10;10;5;5;10;10;10;20;20;10;10;10;0;10;0;5084
143;24810143;404;405;215;10;10;10;5;15;10;10;15;10;20;15;15;20;10;15;15;0;0;190;10;0;15;10;5;5;5;10;10;15;20;20;15;15;20;5;5;5;5084
145;24810145;879;880;390;15;10;20;20;50;40;20;20;35;30;35;35;25;15;15;10;5;0;490;25;15;20;25;45;40;25;35;35;40;40;35;30;25;25;10;10;10;5084
146;24810146;492;495;205;15;15;15;15;10;30;10;15;10;20;10;10;10;10;0;5;5;0;285;15;15;20;20;20;25;35;25;15;25;20;10;5;20;5;0;0;0;5084
147;24810147;570;570;270;25;20;25;20;20;15;25;20;25;15;15;10;10;0;5;5;5;0;300;15;25;30;30;15;15;35;20;35;15;20;10;15;5;5;5;0;0;5084
148;24810148;433;430;210;10;10;5;10;30;20;10;10;25;20;15;20;15;10;5;0;5;0;220;5;5;5;15;25;15;10;15;15;20;15;10;15;5;15;5;10;0;5084
149;24810149;496;495;235;15;10;10;10;10;15;20;10;25;20;30;20;20;15;5;10;0;0;255;10;5;15;20;20;20;5;15;25;25;20;30;15;10;10;10;15;0;5084
150;24810150;498;500;260;10;10;15;20;35;20;15;15;25;20;25;15;10;5;10;0;0;0;240;0;10;20;20;20;15;15;20;20;25;25;10;5;5;5;5;5;0;5084
151;24810151;325;325;155;5;5;5;15;10;15;10;5;10;20;10;20;5;10;10;5;0;0;170;5;15;10;5;5;10;10;10;20;25;10;15;10;10;5;0;0;0;5084
152;24810152;675;675;340;15;10;15;15;20;20;25;30;25;40;30;35;30;15;10;5;0;0;330;15;10;15;20;35;25;20;20;35;30;25;25;20;15;15;5;5;0;5084
153;24810153;438;435;225;10;10;15;10;30;10;15;10;10;20;20;25;20;15;5;0;0;0;215;5;5;10;15;10;15;15;10;10;30;25;20;20;10;5;0;0;0;5084
155;24810155;632;635;310;10;25;25;40;40;10;15;15;30;30;35;25;10;10;5;5;5;0;320;15;15;20;35;25;15;20;20;30;35;35;20;15;10;5;0;0;0;5084
156;24810156;377;375;185;10;15;25;20;15;15;10;15;10;20;15;10;5;5;0;0;0;0;190;5;15;10;10;10;15;15;20;20;25;20;10;5;5;0;0;0;0;5084
157;24810157;387;385;180;5;5;15;15;15;10;10;5;10;10;30;25;15;5;0;0;0;5;210;5;5;10;30;15;5;10;15;15;35;25;20;10;0;0;5;0;0;5084
158;24810158;495;495;240;15;10;15;15;30;20;10;10;20;30;20;25;10;5;5;0;0;0;260;10;10;15;15;20;20;15;15;20;40;25;20;15;5;10;5;0;5;5084
159;24810159;392;390;190;10;10;15;15;10;15;15;15;15;15;25;20;5;5;5;0;0;0;195;10;15;15;10;10;10;15;15;15;20;25;15;10;10;0;0;0;0;5084
160;24810160;478;475;225;10;10;20;15;15;15;15;15;30;25;15;20;10;5;10;0;0;0;255;10;15;25;20;20;20;20;10;20;25;25;15;10;15;10;5;5;0;5084
161;24810161;571;575;285;25;15;15;25;35;30;20;20;20;25;15;10;10;5;5;5;0;0;285;25;15;20;20;40;30;15;25;20;30;10;10;5;5;5;10;0;0;5084
162;24810162;747;750;330;20;10;10;15;35;35;35;30;30;25;15;15;20;15;10;5;5;0;415;20;20;15;25;60;45;25;25;40;30;25;30;30;10;15;5;0;5;5084
163;24810163;474;470;240;25;10;10;25;30;15;10;25;25;15;20;15;5;5;5;0;0;0;230;15;15;10;25;30;20;15;15;20;15;15;5;15;5;5;0;0;0;5084
164;24810164;407;410;190;15;5;5;15;15;15;10;10;10;20;25;20;15;5;5;0;0;0;215;10;10;15;15;20;10;10;10;20;30;25;20;15;5;5;5;0;0;5084
165;24810165;497;495;225;5;10;10;25;15;10;10;15;25;20;20;20;20;10;10;0;0;0;270;10;10;20;15;20;20;15;25;25;30;20;25;15;10;10;5;5;0;5084
166;24810166;403;400;190;10;5;20;15;15;20;5;10;20;20;10;10;20;15;5;5;0;0;220;5;10;15;20;15;5;10;15;25;20;20;20;15;10;0;5;0;0;5084
167;24810167;380;380;180;10;10;5;15;15;10;10;10;20;15;10;15;10;10;5;5;0;0;200;5;10;10;15;15;5;10;15;20;20;20;20;20;10;10;0;0;0;5084
168;24810168;533;535;260;10;15;25;25;30;25;15;10;20;25;15;10;10;5;0;0;5;0;275;15;15;20;20;20;20;15;25;30;20;20;15;20;0;5;0;0;0;5084
169;24810169;361;360;180;5;10;10;20;10;5;5;10;25;15;15;10;10;5;5;5;0;5;180;5;10;15;15;15;10;5;5;20;20;20;10;20;10;5;0;5;0;5084
170;24810170;718;715;360;10;10;20;25;35;25;25;20;25;35;30;25;25;20;20;5;5;0;360;15;10;20;20;25;20;20;20;35;30;25;35;25;30;15;5;5;5;5084
171;24810171;573;570;285;10;15;15;20;10;15;10;20;20;25;30;20;30;20;10;5;0;0;285;5;10;20;30;15;15;15;20;15;35;25;35;25;20;10;5;5;0;5084
172;24810172;424;425;220;5;10;10;20;10;10;10;10;15;15;15;15;20;25;15;5;0;5;205;5;10;15;10;5;5;10;15;15;20;15;15;25;25;15;0;5;5;5084
173;24810173;380;380;195;5;15;15;15;10;5;10;10;20;15;15;20;20;10;5;0;0;0;185;5;5;15;10;15;5;10;15;20;15;20;15;15;10;5;0;0;5;5084
174;24810174;494;495;240;5;5;20;30;5;10;5;15;20;25;20;20;10;10;25;10;5;0;255;5;10;10;15;15;10;10;15;20;25;20;20;20;25;25;10;5;5;5084
175;24810175;366;365;180;5;10;15;10;15;10;10;10;15;10;15;15;20;10;5;5;0;0;185;5;5;10;15;10;10;10;10;20;15;20;20;15;10;5;5;0;5;5084
176;24810176;558;560;265;5;10;10;15;20;15;20;15;20;30;20;15;20;15;20;10;0;5;295;10;10;15;15;25;20;10;20;25;30;20;15;20;15;15;15;10;10;5084
177;24810177;512;515;250;15;15;15;15;15;15;15;15;15;10;20;25;20;15;15;5;0;0;265;5;5;15;20;15;10;10;15;20;35;10;30;25;20;10;5;0;0;5084
178;24810178;621;625;295;15;15;15;25;20;35;15;15;20;25;30;15;20;15;5;5;0;0;330;10;20;15;20;25;25;20;20;25;35;30;20;25;15;10;10;5;5;5084
179;24810179;496;500;250;15;15;20;15;15;10;10;15;25;15;25;15;10;15;15;15;0;0;245;10;15;25;15;10;10;15;15;20;15;20;20;15;20;10;10;5;0;5084
180;24810180;620;620;315;15;15;15;25;20;25;10;15;25;25;35;25;30;25;10;10;0;0;300;10;15;15;15;30;20;15;10;25;25;35;30;30;15;15;0;5;5;5084
182;24810182;1227;1230;580;25;40;55;55;45;25;20;30;70;60;65;40;20;5;10;10;0;5;650;25;40;70;55;50;20;40;45;85;80;55;45;10;15;10;5;0;0;5084
183;24810183;508;510;245;10;15;25;30;15;5;5;20;5;35;25;30;15;5;0;0;0;0;265;10;20;30;30;20;5;5;15;25;40;25;20;10;10;0;0;0;5;5084
184;24810184;578;580;290;20;25;30;20;15;10;10;30;20;25;20;20;20;10;5;0;5;0;290;20;15;25;25;15;10;20;25;25;25;30;20;15;5;0;0;5;0;5084
185;24810185;528;530;265;15;20;30;25;20;15;15;15;20;35;25;15;0;5;0;5;0;0;260;15;15;30;30;15;20;15;15;40;30;20;10;10;0;0;5;0;0;5084
186;24810186;900;900;450;35;35;55;50;20;15;25;30;45;55;45;30;5;5;0;5;0;0;450;20;50;55;45;25;10;25;45;55;60;35;15;10;5;0;0;0;0;5084
187;24810187;532;535;265;15;10;40;30;10;5;15;15;40;35;20;10;5;10;5;0;0;0;270;15;20;25;25;15;5;15;25;50;30;10;20;10;5;5;0;0;0;5084
188;24810188;367;370;175;10;20;15;10;10;5;15;20;20;15;10;10;5;5;5;0;0;0;195;15;10;20;20;10;10;20;10;20;20;20;15;5;0;0;0;5;0;5084
189;24810189;988;990;495;35;45;40;25;30;25;40;40;50;50;45;25;20;10;5;0;0;0;490;30;40;40;30;35;30;45;50;45;55;30;30;20;10;5;5;5;0;5084
190;24810190;1189;1190;605;30;45;85;65;40;30;40;45;55;65;50;30;15;5;5;0;0;0;580;30;45;70;45;35;40;35;50;75;75;50;15;10;5;5;5;0;0;5084
191;24810191;392;395;200;15;10;20;25;5;5;15;10;10;20;25;20;5;5;0;0;0;0;190;5;15;10;20;15;10;10;10;20;20;20;25;5;0;0;0;0;0;5084
192;24810192;425;425;205;5;5;15;20;20;5;15;10;10;15;25;20;20;15;0;5;0;0;220;10;10;15;15;15;10;10;15;15;35;30;25;20;5;0;0;0;0;5084
193;24810193;454;455;215;5;15;10;25;15;10;10;20;15;25;15;25;15;5;5;5;0;5;235;10;10;15;15;20;10;20;10;25;20;15;25;25;5;5;5;5;0;5084
194;24810194;578;580;280;10;5;15;30;25;20;15;10;15;30;35;40;15;15;5;5;0;5;295;15;5;20;30;20;15;10;10;20;45;55;30;25;10;5;0;0;0;5084
195;24810195;601;605;290;10;20;25;25;15;0;15;15;25;25;35;25;15;10;15;10;0;0;310;10;15;20;10;20;20;25;15;25;25;40;20;25;5;15;5;5;5;5084
196;24810196;650;650;320;10;15;25;30;20;5;10;15;25;30;30;35;30;10;15;5;0;5;330;20;15;15;35;15;5;5;20;30;25;40;30;20;15;10;15;0;10;5084
197;24810197;465;465;235;10;15;35;15;15;10;10;10;20;15;35;30;20;0;0;0;0;5;235;5;10;20;30;15;5;10;10;25;20;30;35;15;5;5;5;0;5;5084
198;24810198;489;490;240;10;10;20;20;15;10;5;10;15;25;15;30;25;15;10;0;0;0;250;5;20;15;20;20;5;10;20;15;20;30;25;20;10;0;5;5;0;5084
199;24810199;786;785;415;15;40;50;50;30;10;0;20;45;55;40;20;15;10;5;5;0;0;370;10;25;40;40;15;15;10;25;50;45;35;25;15;10;0;5;0;0;5084
200;24810200;472;475;240;10;10;15;25;20;5;15;10;25;30;25;25;15;10;5;0;0;0;230;10;10;15;10;15;15;10;15;25;30;25;20;10;5;5;5;0;0;5084
201;24810201;1067;1065;515;30;35;50;65;30;30;25;25;50;60;50;35;10;10;5;5;0;0;555;20;35;55;45;30;35;30;45;60;85;40;25;15;15;10;0;0;5;5084
202;24810202;1178;1180;580;30;45;50;45;35;20;30;35;60;65;60;45;30;5;5;10;0;0;600;35;40;45;50;25;30;35;45;75;70;55;30;20;10;5;5;5;0;5084
203;24810203;438;440;200;10;5;20;25;25;20;10;10;15;15;25;10;10;5;0;5;5;0;235;10;5;15;20;20;30;5;15;20;20;25;15;15;0;5;5;0;0;5084
204;24810204;595;595;280;15;15;15;5;25;55;25;25;15;15;20;15;10;10;5;5;5;0;315;5;10;5;10;40;45;35;25;25;30;20;20;10;10;10;10;5;0;5084
205;24810205;466;465;215;15;20;15;15;15;40;25;15;20;20;15;5;10;0;5;5;0;0;250;5;15;15;10;25;35;25;15;15;30;15;15;10;5;0;5;0;0;5084
206;24810206;357;355;175;5;10;15;15;15;20;15;5;10;15;20;10;10;0;5;0;0;0;180;5;10;15;10;30;15;10;5;20;30;10;10;5;5;5;0;5;0;5084
207;24810207;1312;1310;645;55;60;60;55;15;15;40;50;65;85;70;35;20;5;5;0;0;0;670;45;50;70;35;35;20;55;65;80;85;65;25;20;10;5;0;0;0;5084
208;24810208;328;330;160;5;15;20;15;5;5;5;15;15;25;15;5;5;5;0;5;0;0;165;10;20;15;15;15;5;5;10;20;30;15;5;5;0;5;0;0;0;5084
209;24810209;397;395;195;10;5;15;15;15;20;5;20;25;20;15;15;10;5;0;0;0;0;200;15;10;10;15;20;10;10;20;20;20;20;15;5;0;5;5;5;0;5084
210;24810210;816;815;385;15;15;25;25;30;40;30;30;45;40;30;25;15;5;5;5;0;0;430;20;30;30;40;40;35;25;35;40;50;35;25;10;10;5;5;5;5;5084
211;24810211;936;935;425;20;20;30;30;30;30;25;25;35;35;40;40;35;10;5;10;10;0;510;25;20;25;35;30;20;25;30;30;55;55;65;20;35;20;10;10;0;5084
212;24810212;477;475;230;10;10;15;20;55;15;15;15;20;15;10;15;10;5;5;5;5;0;250;10;10;20;20;40;30;10;10;15;20;10;10;15;5;5;5;5;0;5084
213;24810213;539;540;260;10;10;20;25;40;25;15;10;15;25;20;5;10;10;5;10;0;0;280;5;10;15;20;40;30;20;15;25;20;20;15;15;5;10;10;5;0;5084
214;24810214;567;565;215;10;0;5;10;0;10;10;10;10;10;20;25;15;25;25;20;15;5;355;5;0;0;5;15;15;10;10;15;20;15;35;45;45;35;50;25;15;5084
215;24810215;806;805;395;15;15;35;50;55;25;25;20;30;40;30;25;10;5;5;10;5;5;410;15;20;30;40;35;20;15;35;35;35;40;25;20;10;15;10;10;5;5084
216;24810216;573;570;275;10;15;20;25;20;15;15;5;25;25;20;30;20;15;10;5;0;0;300;10;10;15;25;20;10;10;15;30;40;40;30;15;10;10;0;0;0;5084
217;24810217;256;255;115;5;5;10;0;0;0;5;10;10;15;10;10;10;5;5;5;5;5;135;0;10;10;10;10;0;0;5;5;10;10;5;10;10;5;10;10;0;5084
218;24810218;390;390;195;10;15;15;15;10;10;5;10;20;25;20;15;5;5;15;10;5;0;195;5;15;10;10;5;5;10;15;20;15;15;20;10;10;15;10;0;5;5084
219;24810219;370;370;180;0;10;20;10;5;5;0;15;10;15;15;15;10;5;15;10;5;5;190;5;10;5;5;5;5;15;15;10;10;15;15;20;15;15;10;10;0;5084
220;24810220;473;475;220;20;15;15;15;20;20;20;15;20;10;10;15;5;5;10;5;5;5;255;10;10;5;15;20;25;10;20;10;25;15;15;15;10;20;5;15;15;5084
221;24810221;436;435;225;10;10;15;15;25;20;15;10;10;15;15;5;5;15;5;10;5;0;210;5;15;20;10;25;15;15;15;10;15;15;10;15;10;10;5;0;0;5084
222;24810222;617;615;285;30;10;10;20;50;45;20;20;25;20;15;15;5;0;0;0;0;5;330;15;15;15;20;55;45;20;20;25;25;25;15;10;5;5;0;10;0;5084
224;24810224;530;530;240;20;5;15;10;35;50;30;20;15;10;15;5;15;5;5;0;0;0;290;15;10;15;10;50;35;30;15;10;15;25;5;10;15;5;5;10;0;5084
225;24810225;1333;1335;620;35;35;25;30;50;60;45;40;55;35;40;40;30;30;20;30;20;5;715;45;20;15;20;85;60;40;40;40;40;55;55;55;30;40;30;30;15;5084
226;24810226;440;440;215;10;10;15;5;20;30;15;20;15;15;20;15;15;5;5;5;5;5;225;10;5;10;15;20;25;15;15;5;20;15;15;15;10;10;10;5;5;5084
227;24810227;447;445;225;5;5;20;20;10;5;10;10;25;20;15;15;15;10;15;15;5;5;220;5;5;10;5;15;5;5;10;20;25;15;15;10;20;25;15;5;5;5084
228;24810228;459;460;230;5;15;15;20;15;15;15;20;25;15;15;20;10;10;10;10;10;0;230;5;5;15;15;15;10;15;20;10;20;10;20;10;15;5;10;10;5;5084
229;24810229;915;915;420;15;15;5;20;40;40;40;25;30;25;35;30;20;20;20;20;10;5;500;15;10;15;15;40;40;20;20;30;30;30;35;25;35;25;50;30;25;5084
230;24810230;754;755;365;15;10;15;25;40;50;30;25;25;20;30;20;20;10;10;10;10;0;385;10;10;15;15;50;45;20;10;30;35;35;25;20;10;20;20;10;15;5084
231;24810231;300;300;155;15;5;5;10;20;20;20;5;10;10;5;5;0;5;5;5;0;0;150;0;0;5;15;10;15;10;10;15;20;10;5;5;5;5;0;0;0;5084
232;24810232;462;460;195;15;30;20;20;10;5;0;5;15;10;10;15;10;10;15;5;5;0;260;5;20;25;20;20;0;10;20;20;20;15;15;10;20;15;20;0;5;5084
233;24810233;728;725;355;20;15;15;15;40;35;35;30;30;20;25;20;15;5;10;5;5;5;370;10;10;15;15;45;50;35;20;20;15;40;15;10;20;15;20;10;5;5084
234;24810234;461;460;210;10;10;5;5;20;35;20;20;20;15;10;15;5;0;5;10;10;5;250;10;10;5;5;30;20;15;15;10;15;25;15;10;15;15;10;15;5;5084
235;24810235;419;420;200;15;10;10;5;15;10;15;10;20;10;15;15;10;10;5;10;5;0;220;15;15;15;5;15;10;15;20;15;10;15;20;15;10;10;10;5;5;5084
236;24810236;400;400;170;10;0;5;10;10;10;15;10;15;25;5;10;15;5;5;5;0;0;230;10;10;5;15;20;20;15;15;20;20;15;20;10;10;5;10;10;10;5084
237;24810237;651;650;330;15;5;20;15;20;30;25;25;30;25;30;20;20;10;15;10;5;10;320;5;10;15;5;15;25;25;15;25;20;30;30;20;20;25;15;15;10;5084
238;24810238;498;500;235;10;5;15;15;15;10;10;10;20;30;15;20;15;5;10;15;5;5;260;10;10;15;15;10;15;15;10;20;25;25;20;10;15;15;15;10;5;5084
239;24810239;938;940;480;35;25;20;15;50;40;40;50;50;40;25;30;20;10;15;10;0;5;455;35;15;10;20;45;55;35;45;35;35;25;30;15;15;20;15;0;5;5084
241;24810241;639;640;295;15;10;15;25;25;20;15;15;15;30;30;35;10;10;10;5;10;0;340;5;5;30;15;20;20;10;15;25;30;50;40;25;15;15;15;10;5;5084
242;24810242;517;515;235;15;15;20;25;20;15;20;15;10;30;20;20;5;5;5;0;0;0;280;25;15;10;15;40;20;25;20;15;20;30;10;10;5;5;5;0;0;5084
243;24810243;502;500;230;10;15;10;20;10;10;10;10;15;25;25;20;15;15;10;10;10;5;270;15;5;15;15;15;10;10;20;15;30;30;15;15;15;15;15;5;5;5084
244;24810244;435;435;205;5;5;10;10;20;10;25;15;15;20;20;15;15;15;10;10;0;0;230;5;5;15;10;15;10;15;10;15;20;15;20;10;25;15;15;5;5;5084
245;24810245;322;325;140;5;10;10;5;15;10;10;10;10;15;10;10;10;5;5;5;5;0;180;0;10;10;10;20;5;10;10;10;20;15;20;15;0;10;5;5;0;5084
246;24810246;1276;1280;625;60;70;65;45;20;20;50;70;65;50;45;30;10;20;5;5;0;0;650;55;70;55;40;20;25;60;75;65;60;40;30;15;20;10;5;0;10;5084
247;24810247;882;880;430;45;55;40;25;10;15;25;60;60;35;20;20;10;5;5;5;0;0;455;45;45;40;20;15;15;55;55;55;45;25;15;10;5;5;0;0;0;5084
248;24810248;587;590;280;20;35;25;20;10;10;25;30;35;25;20;10;5;5;0;0;0;0;305;25;45;35;15;0;10;35;40;40;35;15;15;0;5;5;0;0;0;5084
249;24810249;460;460;220;10;25;30;20;20;5;10;20;25;25;20;20;5;5;0;0;0;0;240;15;30;15;15;5;10;10;25;20;35;20;15;10;5;5;0;0;0;5084
250;24810250;1334;1335;640;70;35;40;30;60;110;90;70;30;40;25;10;15;5;5;0;5;5;695;40;50;55;40;85;110;75;65;45;45;30;25;10;15;5;0;0;0;5084
251;24810251;2481;2485;1205;145;125;95;60;40;100;150;155;135;75;60;30;10;10;0;0;5;0;1280;130;160;105;45;70;135;165;160;130;75;35;25;20;5;5;0;0;5;5084
252;24810252;1683;1685;820;85;55;40;30;45;105;115;90;80;50;50;30;15;10;5;5;0;0;860;85;60;45;35;55;125;120;90;65;65;50;30;20;15;0;5;0;0;5084
253;24810253;938;940;425;25;35;30;25;20;30;50;40;45;45;35;25;15;5;5;0;0;0;515;30;35;30;30;25;55;55;50;50;50;30;30;20;10;5;5;0;0;5084
254;24810254;524;520;250;15;25;15;25;25;10;25;20;20;20;25;20;10;0;0;0;5;0;275;15;10;20;25;10;15;15;25;30;30;35;25;5;5;5;5;0;0;5084
255;24810255;958;960;435;25;35;50;35;20;20;30;30;45;45;40;25;15;10;5;5;0;0;520;25;25;40;40;20;20;40;45;55;70;55;30;15;10;15;10;0;0;5084
256;24810256;926;925;430;30;25;30;25;25;25;35;25;40;55;50;45;20;5;5;5;0;0;495;35;30;25;30;15;30;35;40;35;60;60;45;25;15;5;0;0;5;5084
257;24810257;360;360;170;5;5;10;15;10;35;15;5;15;20;10;5;5;5;0;5;0;0;190;5;5;15;10;25;20;20;10;15;25;20;10;5;5;0;0;0;0;5084
260;24810260;650;650;320;15;15;25;30;10;10;15;15;35;45;30;15;15;5;15;10;10;0;330;10;20;30;15;15;10;15;30;35;40;30;15;10;15;15;15;10;5;5084
261;24810261;964;965;495;35;30;20;20;60;75;60;40;45;40;20;15;10;15;0;5;5;0;470;30;30;30;25;65;70;50;30;40;20;25;20;5;15;10;10;0;0;5084
262;24810262;299;300;155;0;0;5;5;15;30;10;5;10;15;20;10;0;5;10;5;5;5;150;5;5;5;0;20;15;10;15;15;10;10;5;5;10;5;10;5;5;5084
263;24810263;847;845;410;15;15;15;20;40;40;35;30;35;25;25;35;25;10;15;5;5;0;435;15;15;25;25;35;40;30;30;20;50;40;30;25;10;10;15;10;0;5084
264;24810264;430;430;205;5;5;5;10;15;20;25;15;20;25;20;10;5;10;5;0;5;0;230;15;5;5;10;5;30;20;20;15;30;20;10;20;10;5;5;5;0;5084
265;24810265;644;645;315;20;10;5;15;35;60;35;25;15;20;20;25;5;15;5;10;0;0;325;15;5;10;10;40;70;30;20;20;25;25;25;15;10;5;10;0;0;5084
266;24810266;740;740;355;15;20;15;35;20;15;20;25;45;35;25;25;20;10;10;5;5;5;385;20;20;25;25;10;15;20;30;40;50;35;25;20;10;15;15;5;0;5084
267;24810267;667;665;345;10;10;15;25;40;40;20;10;40;30;35;25;15;10;15;0;5;5;325;10;15;10;15;35;30;25;25;25;35;25;20;5;15;15;10;5;5;5084
268;24810268;452;450;225;5;10;5;20;25;15;25;15;25;20;20;10;15;5;5;0;5;0;225;10;0;15;15;25;30;10;15;30;15;20;10;10;10;5;5;5;0;5084
269;24810269;522;520;275;10;15;10;15;25;25;25;30;25;20;15;15;10;10;10;5;0;0;250;10;10;15;10;20;15;25;15;20;15;30;10;15;10;0;5;5;5;5084
270;24810270;532;535;195;5;5;5;10;10;20;30;5;15;15;10;10;5;5;5;10;10;20;335;5;5;10;5;10;25;15;15;20;10;15;15;10;10;10;20;55;65;5084
271;24810271;449;445;220;10;5;20;15;10;15;15;20;15;25;15;15;10;10;10;5;5;5;230;10;10;10;10;25;15;15;15;15;15;20;10;10;20;15;5;10;5;5084
272;24810272;491;490;245;10;5;15;15;20;20;15;20;25;20;20;15;15;5;10;5;10;5;250;0;10;10;10;20;15;15;10;20;30;15;20;10;5;15;15;5;10;5084
273;24810273;417;415;210;10;10;15;15;15;20;10;15;20;30;15;10;5;5;10;5;5;0;205;5;10;5;15;20;20;10;15;30;20;15;5;5;10;5;10;5;5;5084
274;24810274;531;535;265;10;0;10;10;20;20;10;25;30;25;10;20;10;15;10;20;10;5;265;5;5;0;10;15;20;15;15;15;25;10;20;15;10;20;30;15;20;5084
275;24810275;541;540;260;5;10;20;5;20;25;25;20;20;20;15;25;15;15;15;5;5;0;280;5;5;5;15;15;20;20;15;20;25;25;35;20;10;15;20;15;5;5084
276;24810276;426;425;215;5;10;10;10;20;25;20;15;25;20;15;10;15;5;0;5;5;0;205;5;5;10;10;15;10;20;20;20;15;25;5;10;10;5;5;5;5;5084
277;24810277;365;365;165;5;5;5;5;10;15;10;5;25;20;15;10;0;15;10;5;10;0;200;5;5;15;10;15;15;10;10;25;15;10;10;5;15;5;10;10;5;5084
278;24810278;452;450;215;10;5;5;10;20;20;15;15;20;15;20;10;15;10;0;15;5;0;240;5;5;15;10;20;15;15;20;15;15;25;20;20;10;5;15;0;10;5084
279;24810279;397;395;190;10;5;10;5;15;15;10;10;10;10;15;20;5;15;10;0;5;5;205;15;10;5;10;20;25;5;20;10;15;25;10;10;10;10;10;5;0;5084
280;24810280;514;515;255;15;10;10;10;20;25;15;10;20;30;25;20;10;10;10;10;5;5;255;5;10;10;15;15;25;15;20;15;25;25;20;5;15;10;15;10;5;5084
281;24810281;461;460;225;5;10;15;15;10;5;5;10;20;30;15;20;15;10;15;15;10;10;235;10;20;10;5;10;10;5;20;20;20;25;20;5;10;15;15;15;5;5084
282;24810282;0;0;0;0;0;0;0;0;0;0;0;0;0;0;0;0;0;0;0;0;0;0;0;0;0;0;0;0;0;0;0;0;0;0;0;0;0;0;0;0;5084
283;24810283;401;405;195;5;10;15;10;15;15;10;10;20;20;10;15;10;10;5;5;0;0;205;5;5;5;10;10;10;10;15;25;15;20;10;10;5;10;15;5;5;5084
284;24810284;412;410;200;5;10;20;10;15;10;15;20;20;25;15;10;5;10;10;5;5;0;215;5;10;10;15;15;20;20;15;15;20;15;15;10;5;5;10;5;0;5084
285;24810285;701;700;345;10;5;15;20;25;40;25;25;30;35;30;30;10;15;10;10;5;5;355;5;15;15;20;25;40;20;20;40;35;20;20;15;15;10;20;10;10;5084
286;24810286;543;545;295;10;5;10;15;25;40;20;15;35;20;30;25;20;10;0;10;5;0;250;10;10;0;15;40;30;10;10;20;30;25;15;10;5;5;0;5;0;5084
288;24810288;467;465;260;15;5;10;15;25;25;15;25;20;25;20;10;0;15;10;10;5;0;210;5;10;10;15;20;25;15;10;20;25;15;5;5;15;15;10;0;0;5084
289;24810289;381;385;200;10;5;5;10;20;25;10;15;10;25;10;20;5;10;5;0;0;0;180;10;5;5;15;15;25;10;20;10;15;10;15;5;10;5;5;0;0;5084
290;24810290;376;375;205;5;0;0;5;25;30;25;15;25;20;15;20;10;10;5;5;0;0;170;5;5;10;5;20;25;5;10;10;10;10;15;15;5;5;5;5;0;5084
291;24810291;562;565;235;10;10;5;5;15;30;35;15;10;20;15;10;10;5;5;5;10;10;325;15;5;5;15;35;30;30;15;5;20;20;25;10;10;5;10;25;50;5084
292;24810292;553;555;295;15;5;5;25;35;30;25;25;30;20;25;20;15;5;10;5;5;0;260;10;10;15;15;25;30;30;15;25;10;20;15;5;10;10;5;5;0;5084
293;24810293;274;275;145;5;10;5;5;15;20;15;10;15;20;5;5;15;10;0;5;0;0;125;5;5;10;5;10;10;15;10;10;5;5;10;5;5;5;5;0;0;5084
294;24810294;318;315;155;10;5;5;5;10;20;15;15;15;20;10;10;10;5;5;5;5;0;165;10;5;10;5;10;15;10;15;5;20;15;15;10;10;5;10;0;0;5084
295;24810295;368;370;195;15;0;5;10;25;20;25;20;15;20;20;5;10;5;5;0;5;0;170;0;0;0;5;25;25;10;15;15;15;15;10;5;10;5;0;0;0;5084
296;24810296;685;685;305;5;5;0;10;30;45;40;25;20;25;20;25;10;10;15;10;5;0;380;10;5;5;15;25;55;35;15;20;20;35;20;15;25;25;30;15;15;5084
297;24810297;517;520;255;10;10;10;5;20;45;25;25;30;20;30;15;5;5;0;5;0;0;260;10;5;5;5;40;40;25;15;15;30;15;10;15;10;10;5;5;5;5084
298;24810298;693;690;355;20;5;5;10;20;60;55;30;40;25;30;20;15;5;5;5;0;0;340;25;5;20;15;35;65;40;30;15;20;15;25;10;10;5;5;10;10;5084
299;24810299;648;645;375;10;5;10;5;40;65;50;40;25;25;25;15;15;15;15;5;5;5;275;5;5;10;10;35;55;25;25;5;25;10;15;15;10;10;5;10;0;5084
300;24810300;493;490;250;10;0;5;20;15;20;20;20;25;25;20;15;15;15;10;20;0;0;245;10;5;10;15;15;20;10;10;10;15;20;20;20;10;25;20;10;0;5084
301;24810301;292;290;135;5;5;10;5;5;10;10;10;5;15;15;15;10;5;0;5;5;0;150;5;0;10;15;10;20;10;10;10;5;20;15;5;5;10;5;5;0;5084
302;24810302;602;600;250;30;20;20;15;15;10;15;20;25;20;20;15;10;10;5;5;5;0;355;30;30;35;15;20;20;10;20;30;20;25;35;20;20;15;10;10;5;5084
303;24810303;427;430;230;10;10;5;5;20;25;15;15;35;20;20;15;15;5;5;0;5;0;200;10;10;10;15;20;15;20;15;10;20;10;10;15;10;5;5;10;10;5084
304;24810304;510;510;230;5;0;0;0;15;10;15;15;25;20;25;25;25;15;15;10;10;5;275;0;0;0;0;10;15;15;10;5;15;25;30;25;15;15;15;25;40;5084
305;24810305;754;755;375;20;20;15;10;35;50;40;35;35;40;25;15;15;10;5;5;0;0;380;20;15;15;15;40;45;50;35;30;20;35;20;15;10;10;5;0;0;5084
306;24810306;939;940;435;20;35;40;30;30;20;25;20;30;30;30;25;40;30;15;10;5;5;505;20;25;35;35;25;20;25;15;30;30;30;35;45;45;25;30;15;15;5084
307;24810307;539;540;270;10;10;25;15;20;30;10;25;30;25;15;20;10;5;5;5;0;0;265;15;10;15;20;20;15;15;30;30;25;15;20;5;0;5;15;5;0;5084
308;24810308;916;915;440;40;40;45;25;60;35;40;35;25;30;20;20;10;5;5;0;0;5;475;40;35;35;35;65;55;50;30;35;20;30;15;15;10;5;5;5;0;5084
309;24810309;419;420;200;15;10;5;15;10;35;25;5;20;10;5;15;5;10;10;5;5;5;220;10;15;10;15;20;25;20;5;15;20;15;10;10;10;10;10;5;0;5084
310;24810310;589;595;295;10;10;25;25;15;15;15;10;35;15;25;30;25;15;10;10;5;5;295;15;20;25;20;10;5;15;20;25;15;35;25;20;15;10;5;10;0;5084
312;24810312;1716;1715;835;85;70;65;55;45;40;45;90;90;70;70;35;20;20;10;10;5;0;885;80;80;75;65;40;50;75;90;95;90;45;40;20;15;5;5;5;0;5084
313;24810313;432;430;215;15;25;15;15;10;10;5;15;25;25;15;10;10;5;5;0;10;0;215;20;20;15;15;5;5;15;25;25;15;20;5;0;5;5;5;5;5;5084
314;24810314;885;885;465;40;45;40;45;20;20;25;30;40;45;45;20;20;10;5;5;5;5;420;20;35;35;40;20;25;30;35;45;45;35;20;15;10;5;5;10;0;5084
315;24810315;466;470;235;10;15;15;10;10;5;10;20;15;25;25;30;15;10;5;0;5;0;230;15;15;10;10;15;10;15;20;15;25;20;30;10;5;5;10;5;5;5084
316;24810316;1646;1645;795;85;85;65;40;30;55;85;90;80;65;50;30;20;5;5;5;0;0;845;95;70;65;45;40;100;90;95;80;50;40;30;25;10;5;5;0;0;5084
317;24810317;435;435;215;10;20;10;10;10;5;15;15;20;20;20;20;15;5;10;5;5;0;220;10;10;15;15;15;10;15;15;25;20;15;25;15;10;10;0;0;5;5084
318;24810318;890;895;450;40;35;35;35;15;35;40;35;40;35;30;30;15;15;15;5;0;0;445;30;25;35;20;30;35;45;30;50;35;35;25;20;15;10;5;5;5;5084
319;24810319;1091;1090;525;50;25;45;35;30;20;45;40;40;45;50;30;35;15;10;5;10;0;565;30;35;40;50;20;35;35;45;55;60;45;45;20;15;10;10;5;5;5084
320;24810320;583;580;295;30;20;15;20;20;10;15;20;25;20;30;15;15;15;15;10;10;0;290;15;15;15;15;20;10;15;20;25;25;30;15;20;15;10;10;10;0;5084
321;24810321;566;570;260;10;15;15;25;20;20;15;20;25;15;15;15;5;10;10;10;5;0;305;20;15;20;20;20;20;15;20;25;20;25;20;15;20;10;5;5;0;5084
322;24810322;462;460;230;15;15;25;20;30;10;5;10;20;25;20;15;10;5;5;0;0;0;230;10;20;15;20;15;10;10;15;15;20;30;15;15;5;5;5;0;0;5084
323;24810323;548;550;260;10;15;20;25;25;15;20;15;20;30;15;20;10;5;5;5;5;0;290;15;10;25;20;25;15;20;10;25;25;25;20;5;10;5;5;5;5;5084
324;24810324;416;420;165;10;10;10;10;15;10;15;0;15;15;5;25;5;5;5;10;5;0;245;5;5;15;15;10;5;10;10;15;10;20;20;20;10;10;15;25;20;5084
325;24810325;487;485;240;10;20;20;20;10;10;20;20;20;20;25;15;10;0;5;5;0;0;245;15;10;25;15;20;15;15;10;25;25;20;15;10;5;5;5;5;0;5084
326;24810326;406;405;200;15;10;15;25;10;15;10;5;25;15;20;10;5;5;5;5;5;0;205;10;15;10;15;10;15;15;15;20;20;10;10;5;5;5;10;5;5;5084
327;24810327;370;375;190;10;5;15;20;10;10;15;10;20;10;20;10;10;5;15;0;5;0;185;5;15;10;10;15;10;10;10;20;20;10;10;10;15;5;5;5;5;5084
328;24810328;722;725;330;25;30;30;25;35;45;15;15;20;20;15;20;10;5;5;5;5;0;395;25;25;35;45;35;25;25;40;30;30;30;15;10;15;10;5;5;0;5084
329;24810329;432;430;205;10;10;20;10;10;10;10;15;15;25;20;10;10;5;5;5;5;0;225;5;20;15;15;10;15;15;15;30;20;25;10;5;10;15;5;5;0;5084
330;24810330;408;410;205;15;10;5;15;15;20;20;15;20;15;20;10;10;0;10;0;5;0;200;10;20;5;10;20;20;20;10;15;15;15;10;5;5;10;5;5;0;5084
331;24810331;392;390;205;15;5;10;10;15;15;15;15;30;15;20;10;5;5;5;0;5;5;190;10;10;10;10;15;15;10;15;10;20;15;10;5;10;10;5;5;0;5084
332;24810332;1122;1125;550;75;45;55;25;25;40;60;65;55;40;20;15;10;10;5;5;0;0;570;55;55;35;30;25;50;75;65;55;40;30;20;10;15;10;0;0;0;5084
333;24810333;917;915;450;35;35;20;45;25;40;35;45;40;35;25;30;20;10;5;5;0;0;465;30;35;30;30;15;35;50;45;45;35;35;30;20;10;10;5;5;0;5084
334;24810334;615;615;295;15;25;25;25;15;15;20;20;25;30;20;20;20;15;15;0;0;0;320;10;25;20;15;15;25;15;30;25;30;15;20;30;15;15;5;0;0;5084
335;24810335;509;505;235;20;10;20;15;10;15;20;20;20;20;15;15;10;10;5;5;5;0;275;10;10;15;15;20;15;15;15;30;20;30;15;15;10;10;10;10;0;5084
336;24810336;906;905;445;20;25;50;45;20;10;20;30;35;50;35;35;25;15;10;5;5;0;460;20;35;50;30;15;15;20;35;50;60;35;35;20;20;5;5;10;5;5084
337;24810337;381;380;190;5;10;20;25;10;10;10;10;15;20;15;10;10;5;5;0;0;0;190;10;5;25;15;15;10;10;10;20;20;20;5;10;10;0;5;0;0;5084
338;24810338;427;430;215;10;10;25;25;15;15;5;15;20;20;20;25;5;10;5;5;0;5;210;10;15;20;15;15;5;5;15;25;30;25;15;0;10;5;5;0;0;5084
339;24810339;460;460;220;10;10;15;15;15;10;10;15;15;20;20;30;15;5;5;5;5;0;235;15;15;15;10;15;10;10;20;20;20;25;30;10;5;10;5;5;0;5084
340;24810340;865;865;430;25;20;35;30;20;25;30;35;40;35;45;30;30;10;10;5;5;0;435;25;25;35;25;30;35;25;25;40;40;35;25;25;15;10;15;0;0;5084
341;24810341;629;630;285;15;30;25;20;20;15;25;20;30;25;20;15;15;5;0;5;0;0;345;20;20;20;25;20;25;40;25;40;25;25;25;10;10;15;5;0;0;5084
342;24810342;496;500;225;15;20;25;10;15;10;20;15;10;15;15;10;10;10;5;0;5;0;270;10;20;30;20;10;10;25;20;25;25;25;15;10;5;5;5;5;5;5084
343;24810343;903;900;425;35;30;40;40;30;35;35;35;35;35;30;20;15;5;5;0;0;0;480;35;35;30;40;25;45;45;40;50;40;40;20;15;5;5;0;0;0;5084
344;24810344;297;295;150;10;5;5;15;15;10;15;10;5;10;15;10;10;0;5;0;0;0;145;10;10;15;15;10;10;15;10;10;10;15;15;10;0;0;0;0;0;5084
345;24810345;572;570;275;15;25;25;30;15;15;25;20;25;20;15;20;10;10;5;0;5;5;300;15;15;25;25;15;15;20;15;30;35;25;25;5;10;5;0;5;0;5084
346;24810346;752;750;310;25;10;10;25;25;20;20;10;35;30;20;25;10;15;15;10;10;5;440;20;25;20;20;30;30;20;20;25;30;30;30;40;20;20;35;20;0;5084
347;24810347;368;365;175;0;5;20;15;10;10;5;10;10;20;15;15;15;10;0;5;5;5;195;5;5;15;15;0;10;5;15;15;20;10;20;15;15;10;10;0;0;5084
348;24810348;482;480;240;10;15;30;30;10;10;10;15;20;20;20;20;15;5;5;5;5;0;245;15;20;15;25;15;5;15;15;20;30;20;20;20;10;0;0;0;0;5084
349;24810349;617;615;305;5;20;20;25;30;20;5;15;20;35;30;30;10;10;5;10;5;0;310;15;10;35;30;20;15;10;20;25;35;30;20;10;15;5;10;0;0;5084
350;24810350;554;550;290;10;15;20;30;25;15;5;5;25;30;25;25;25;15;10;0;5;0;265;5;10;15;20;15;10;10;15;25;30;35;20;20;15;5;5;0;5;5084
351;24810351;569;570;275;20;15;30;30;15;15;20;15;15;15;25;20;15;5;5;0;0;0;295;15;25;20;30;10;20;15;25;25;30;25;30;15;10;0;5;0;5;5084
352;24810352;644;645;260;15;20;30;20;15;5;10;15;25;20;20;10;20;15;15;5;5;0;380;15;30;20;30;10;20;10;30;35;30;20;25;25;25;20;25;15;10;5084
353;24810353;676;675;230;0;0;10;20;10;5;5;5;10;10;15;5;10;15;25;20;25;25;445;5;5;5;10;10;0;10;15;10;20;20;15;25;20;40;55;60;105;5084
354;24810354;547;545;275;10;10;25;35;25;10;15;10;15;20;35;25;15;10;5;0;5;0;275;5;15;20;30;20;10;10;20;15;35;35;25;20;5;5;0;0;0;5084
355;24810355;635;635;305;15;20;30;35;30;15;10;25;25;30;35;25;10;5;5;0;0;0;330;15;15;25;45;30;10;20;20;25;40;30;20;5;10;5;5;5;0;5084
356;24810356;457;460;225;10;10;20;25;20;5;15;15;20;25;15;15;10;10;0;0;0;5;230;15;10;10;15;15;0;15;15;20;25;25;15;15;5;5;5;0;5;5084
357;24810357;392;395;200;5;5;10;25;25;10;5;10;10;20;25;25;10;5;5;0;0;5;190;5;5;15;15;15;10;5;10;15;25;35;20;15;5;0;5;0;0;5084
358;24810358;440;440;200;10;15;15;20;10;10;5;20;10;30;20;10;10;0;10;0;0;0;240;10;20;25;25;15;10;15;15;15;35;15;15;15;0;5;0;0;0;5084
359;24810359;247;250;115;5;5;10;15;5;0;5;10;10;15;15;15;5;0;0;5;0;0;130;0;5;15;10;15;5;0;10;15;15;20;10;5;0;0;0;0;0;5084
360;24810360;347;350;160;5;10;15;20;10;10;10;5;20;20;15;10;10;0;5;0;0;0;190;5;10;30;15;5;10;10;15;25;20;15;15;5;0;0;0;0;0;5084
361;24810361;1206;1205;605;70;40;45;30;35;55;60;65;50;50;35;35;10;10;5;5;0;0;600;50;50;35;35;35;70;65;60;45;55;35;30;15;5;5;0;0;0;5084
362;24810362;381;380;190;10;15;15;15;10;15;5;15;10;20;30;15;5;5;5;5;0;0;190;10;5;10;20;10;5;15;10;15;35;15;15;5;5;5;0;0;5;5084
363;24810363;440;440;215;5;5;10;25;20;5;10;15;15;30;25;25;10;5;5;0;0;0;225;10;15;20;20;15;5;10;15;20;30;25;20;5;10;0;0;0;0;5084
364;24810364;395;390;195;10;20;30;25;15;5;5;20;20;25;15;20;5;5;0;0;0;0;200;0;20;20;35;10;5;15;15;25;25;15;10;5;0;0;0;5;0;5084
365;24810365;1042;1040;510;35;55;50;30;25;25;40;50;55;55;35;15;20;5;5;5;5;0;535;40;50;45;40;25;30;50;60;65;60;30;20;10;5;5;0;0;0;5084
366;24810366;1387;1385;705;80;60;35;30;40;85;90;70;65;55;25;15;25;15;5;5;0;0;680;60;55;40;30;50;100;85;65;70;45;20;15;20;10;5;5;0;0;5084
367;24810367;847;845;435;30;25;40;40;30;10;15;35;45;50;50;35;20;10;5;0;0;0;410;20;25;45;40;20;15;25;30;45;50;45;25;20;5;5;0;0;0;5084
368;24810368;532;535;275;20;20;25;25;20;10;5;25;25;30;20;25;15;5;0;0;0;0;260;15;20;20;30;15;5;20;25;30;20;25;15;10;5;5;0;0;0;5084
369;24810369;589;590;295;10;15;25;20;20;10;15;25;30;25;30;30;20;10;5;5;5;0;295;20;30;15;20;15;10;20;25;25;25;25;30;15;10;5;5;5;0;5084
370;24810370;501;500;240;5;10;25;15;25;10;10;15;30;25;15;20;10;10;10;5;0;0;260;10;10;15;25;10;10;20;20;30;25;15;15;15;5;10;10;5;0;5084
371;24810371;496;495;240;5;10;25;15;25;15;15;15;20;25;20;20;15;5;5;0;0;5;255;15;10;10;25;15;5;20;20;30;30;20;20;10;5;15;10;0;0;5084
372;24810372;490;490;220;15;10;10;5;5;10;30;25;20;25;20;5;15;15;5;5;0;0;270;15;15;15;15;20;15;20;15;25;25;30;15;20;5;5;0;0;0;5084
373;24810373;423;420;210;10;10;20;15;10;15;20;15;15;20;25;5;15;0;5;5;15;5;215;15;15;10;5;15;20;10;20;20;25;15;15;5;10;5;10;5;5;5084
374;24810374;781;785;335;20;25;10;30;40;20;20;25;30;30;30;20;15;10;5;5;0;0;445;20;30;25;35;40;35;25;25;35;40;35;25;25;20;10;5;10;0;5084
375;24810375;259;260;120;0;5;15;5;10;5;5;5;5;5;15;15;10;10;5;0;0;0;140;0;5;10;5;5;10;5;5;5;15;20;15;15;10;5;0;0;0;5084
376;24810376;768;765;355;15;15;30;25;20;35;20;15;25;35;25;35;20;15;10;5;5;0;415;10;15;20;35;25;25;20;35;40;35;35;35;25;15;20;10;5;5;5084
377;24810377;556;555;275;10;15;20;40;20;5;0;10;25;25;20;20;30;15;5;5;5;0;280;10;10;20;30;15;5;0;15;20;25;25;40;20;20;10;5;5;0;5084
378;24810378;479;480;240;10;5;15;20;20;15;20;5;20;20;15;25;20;15;10;5;0;0;245;10;5;10;10;20;15;15;10;25;20;30;15;20;10;10;5;0;5;5084
379;24810379;1194;1195;620;40;55;60;60;25;45;40;60;80;70;35;15;10;15;5;0;0;0;580;55;40;50;45;20;40;55;50;75;60;30;20;15;10;5;0;0;0;5084
380;24810380;619;620;330;10;15;30;25;20;20;20;20;30;35;30;20;20;5;5;5;0;5;295;15;20;20;20;20;15;15;20;35;35;25;30;20;5;5;0;0;0;5084
383;24810383;1035;1035;520;30;45;55;50;25;30;30;40;70;60;35;35;10;5;0;0;5;0;510;35;35;60;50;20;35;40;45;80;40;30;20;10;10;5;0;0;0;5084
384;24810384;1931;1935;955;105;100;95;60;30;65;90;120;115;55;45;30;25;10;15;0;0;0;975;70;90;110;60;30;90;100;120;120;70;35;30;25;20;0;5;0;0;5084
385;24810385;886;885;435;25;25;60;35;20;15;25;45;55;45;35;25;15;5;0;0;0;0;450;15;25;65;35;20;20;35;45;65;50;30;20;15;0;0;0;5;0;5084
388;24810388;541;540;250;10;25;30;15;25;20;20;15;20;25;15;15;10;10;0;5;0;5;290;10;15;30;25;20;30;20;30;25;25;30;10;5;10;5;0;0;5;5084
389;24810389;665;665;345;25;35;30;40;25;25;30;25;35;30;15;15;10;5;0;0;0;0;320;25;25;25;20;20;30;25;30;40;35;20;15;5;5;5;0;0;0;5084
390;24810390;706;705;295;20;15;15;25;15;25;25;20;25;25;20;5;15;10;5;5;5;5;410;15;25;10;25;25;30;30;25;30;25;30;15;20;20;20;15;15;45;5084
391;24810391;704;705;355;20;10;30;30;25;30;25;30;25;25;20;25;15;15;5;5;0;0;345;20;20;20;20;25;40;15;25;30;30;25;25;10;10;10;10;5;5;5084
392;24810392;321;320;155;10;5;10;15;10;10;15;15;15;10;10;10;5;5;5;0;0;0;165;10;10;20;10;5;10;15;10;15;15;15;20;5;5;5;0;5;0;5084
393;24810393;409;410;210;10;5;10;15;20;15;10;15;20;20;25;20;15;5;5;0;5;0;200;10;15;10;10;15;15;10;15;25;20;15;15;5;5;0;0;0;0;5084
394;24810394;782;785;395;15;25;45;25;25;30;25;25;35;40;30;35;20;10;0;5;5;0;385;20;15;40;25;30;25;25;25;35;45;40;30;15;5;5;5;0;0;5084
395;24810395;3024;3025;1495;160;145;105;85;50;125;160;165;140;135;85;60;30;15;15;10;5;5;1525;140;135;110;100;75;175;170;145;150;90;90;45;25;20;10;15;10;15;5084
396;24810396;245;245;125;0;10;10;15;15;10;10;5;15;15;10;10;10;0;0;0;0;5;115;5;5;10;10;5;5;5;10;10;20;10;10;10;5;0;0;0;0;5084
397;24810397;321;320;155;10;10;20;15;15;10;5;10;15;15;15;10;10;0;0;0;0;0;160;5;10;20;15;15;5;5;15;15;20;15;15;5;0;5;0;0;0;5084
398;24810398;1099;1095;545;30;45;60;55;40;25;40;35;65;60;40;15;15;10;5;0;0;0;555;35;50;60;45;30;45;40;50;70;60;35;20;10;5;5;0;5;0;5084
399;24810399;951;950;475;25;25;25;25;20;30;40;35;35;45;50;35;30;20;15;5;5;0;475;35;20;35;20;25;35;30;25;50;35;40;35;30;25;10;5;5;0;5084
400;24810400;960;960;465;45;45;35;30;15;40;55;50;55;30;25;15;15;5;10;0;0;0;495;30;50;45;35;20;50;55;55;50;40;25;15;15;5;5;0;0;0;5084
401;24810401;756;755;360;25;25;35;25;30;40;35;25;35;25;15;20;15;10;5;5;0;0;400;25;30;30;35;40;45;40;30;35;25;25;20;10;10;5;0;5;0;5084
402;24810402;1224;1225;600;60;50;60;70;15;30;60;60;90;55;20;15;15;5;0;0;5;0;625;55;45;85;65;15;45;60;70;90;45;25;15;10;0;0;0;0;0;5084
403;24810403;1347;1345;590;35;30;45;30;25;50;55;50;45;45;35;35;25;25;20;25;10;10;760;35;40;40;35;40;65;60;50;60;75;50;40;45;40;30;20;20;35;5084
404;24810404;1133;1135;510;20;20;10;25;35;25;35;35;25;35;30;55;45;30;35;20;30;10;620;15;10;15;20;35;50;45;25;40;35;55;50;45;40;50;45;35;10;5084
405;24810405;652;655;315;15;5;15;20;20;25;20;25;25;25;25;25;25;30;15;10;0;0;335;15;10;10;25;30;20;15;20;20;35;30;30;30;20;15;10;5;0;5084
406;24810406;465;465;230;15;20;15;15;15;20;25;15;20;25;15;5;10;10;5;10;0;0;230;20;20;20;15;10;20;20;25;25;15;15;15;15;10;5;5;5;0;5084
407;24810407;755;755;360;25;30;35;25;15;35;45;45;30;25;15;15;5;5;5;5;0;0;390;35;35;30;20;20;40;50;45;35;25;25;15;10;10;5;0;0;0;5084
408;24810408;1644;1645;845;100;80;80;55;45;50;60;75;70;70;55;45;40;10;10;0;0;5;805;75;70;55;55;45;50;70;80;75;65;65;40;25;10;5;5;5;5;5084
409;24810409;391;395;190;15;15;15;15;15;5;5;10;15;15;20;15;15;5;15;5;5;0;195;5;15;20;20;10;0;5;15;25;15;15;20;10;10;10;5;0;5;5084
17;24820017;467;465;245;20;10;20;20;20;10;20;20;20;25;20;15;10;10;5;0;0;0;225;10;15;10;20;25;20;10;20;20;20;25;10;5;10;5;0;0;0;5084
18;24820018;988;990;515;55;40;55;25;20;15;45;60;50;55;30;25;25;15;5;5;5;0;475;40;30;35;30;20;20;55;50;50;40;40;20;15;15;10;5;0;0;5084
19;24820019;1138;1135;590;55;45;55;50;30;20;60;55;55;55;20;40;15;10;5;5;5;5;550;50;40;40;35;25;35;65;50;65;45;40;25;10;5;10;0;5;0;5084
20;24820020;1091;1090;540;45;35;45;30;30;30;45;60;55;45;40;35;30;15;0;5;0;0;550;75;45;55;35;20;35;60;50;40;45;35;30;20;5;5;5;0;5;5084
21;24820021;1005;1005;510;40;45;45;35;30;15;50;45;60;60;25;30;10;10;5;0;0;0;500;50;30;50;35;25;30;50;65;50;50;20;20;10;5;5;0;0;0;5084
22;24820022;292;290;155;10;10;15;5;5;5;10;5;20;20;15;10;5;10;0;0;0;0;135;0;10;10;15;5;5;10;15;10;10;10;10;5;5;5;0;0;0;5084
23;24820023;721;725;355;20;20;35;30;15;10;20;40;40;30;25;25;20;15;5;10;0;0;370;20;20;40;35;20;10;25;35;35;35;30;25;20;5;5;0;0;5;5084
27;24820027;518;515;260;25;20;30;20;15;10;20;20;25;25;15;15;10;0;5;0;0;0;255;25;20;25;25;10;10;20;25;20;30;10;25;5;5;0;0;0;5;5084
28;24820028;1021;1025;530;35;20;50;30;25;25;35;45;50;60;40;30;50;15;10;5;5;0;490;35;25;35;30;20;20;35;55;35;60;35;35;30;15;15;5;0;0;5084
68;24820068;644;640;345;15;20;40;25;25;15;30;20;35;30;25;15;15;10;10;5;5;5;300;10;15;25;20;15;15;15;25;35;35;25;15;15;10;5;10;5;15;5084
69;24820069;712;710;350;30;30;30;25;20;10;25;40;40;35;20;15;20;5;5;5;0;0;360;30;30;40;30;15;15;40;30;40;30;20;10;20;5;5;0;0;5;5084
70;24820070;470;470;240;10;15;20;25;15;10;10;10;20;25;25;20;15;10;5;5;0;0;230;5;10;20;20;10;10;5;15;35;35;25;15;10;5;5;5;5;0;5084
71;24820071;844;845;445;25;25;30;35;20;25;35;25;50;45;35;30;25;20;10;5;0;0;400;15;15;20;40;15;30;25;30;35;45;40;30;25;15;10;5;0;0;5084
73;24820073;959;960;520;35;40;45;40;25;20;50;45;55;45;30;30;25;15;15;5;5;0;440;30;20;40;30;30;25;50;35;50;40;30;25;15;15;5;5;0;5;5084
74;24820074;719;720;360;25;20;20;35;15;15;25;35;45;25;30;25;15;10;5;5;5;0;360;20;35;30;25;15;25;25;25;40;35;25;15;15;10;5;5;0;0;5084
78;24820078;528;525;250;25;15;15;15;15;5;15;20;25;15;25;15;15;10;10;5;5;0;275;25;15;10;5;10;15;20;15;25;20;25;20;10;15;10;5;10;0;5084
79;24820079;447;450;235;20;10;20;20;15;0;10;15;15;25;30;15;15;10;10;5;5;0;210;5;10;10;15;5;5;20;10;30;30;20;10;10;10;5;5;0;0;5084
80;24820080;482;480;245;15;15;20;15;15;5;10;15;20;30;20;30;20;5;5;5;0;0;240;5;20;10;20;10;10;15;15;25;25;30;20;15;5;10;0;5;5;5084
81;24820081;1285;1285;625;55;45;55;30;15;10;30;60;70;70;55;55;30;10;10;10;0;5;665;75;35;50;50;30;15;50;70;70;70;65;35;25;5;5;5;5;0;5084
82;24820082;795;795;385;20;25;35;20;5;10;15;35;40;40;25;40;25;20;10;15;10;0;405;30;20;35;25;15;10;20;35;50;35;50;20;20;15;10;10;0;0;5084
83;24820083;548;550;285;30;30;20;25;0;5;10;35;30;30;30;15;5;10;5;5;0;0;265;25;10;30;20;10;10;30;20;30;25;15;15;15;5;5;5;0;0;5084
84;24820084;1060;1060;530;30;50;65;25;20;10;20;45;55;50;60;35;30;20;5;5;5;0;530;30;35;50;50;15;10;20;60;70;50;40;35;25;15;10;5;5;5;5084
85;24820085;521;520;270;10;20;25;30;15;5;5;15;25;30;25;25;10;5;10;5;5;0;255;20;10;20;25;10;10;15;10;30;30;25;15;10;5;0;5;0;5;5084
86;24820086;519;515;260;5;15;20;20;25;0;5;20;30;35;35;15;20;10;5;5;5;5;255;10;20;25;20;15;5;5;15;20;45;25;20;15;5;5;0;0;5;5084
135;35060135;490;485;240;5;15;10;20;20;10;10;5;20;15;20;20;20;20;15;15;5;5;250;10;10;10;15;15;15;10;15;20;15;20;35;20;15;15;10;5;5;5084
219;35060219;797;800;375;30;10;15;25;25;25;25;25;30;20;25;35;25;15;10;5;10;5;425;20;15;10;20;25;30;20;30;25;35;45;35;25;15;20;20;20;5;5084
221;35060221;574;570;275;20;15;5;15;10;20;20;15;20;25;20;25;25;5;5;10;5;5;305;20;10;10;10;15;20;20;35;20;30;25;30;20;15;5;0;10;5;5084
224;35060224;484;485;235;20;15;10;15;15;10;5;20;25;20;10;15;15;5;10;5;5;5;250;20;25;10;15;5;10;10;25;25;30;15;20;5;10;5;10;10;5;5084
243;35060243;568;565;250;10;10;10;15;15;15;20;20;15;15;25;20;20;10;5;0;5;10;315;5;15;5;15;10;10;20;20;25;30;20;30;25;10;10;10;20;30;5084
245;35060245;812;810;415;15;15;10;20;45;55;35;35;35;20;25;35;15;20;5;10;0;0;400;15;15;5;25;55;50;35;20;30;30;25;40;20;10;5;10;5;0;5084
246;35060246;750;750;340;25;40;40;40;20;15;10;20;15;30;20;25;15;0;5;5;0;0;415;30;35;30;35;25;30;30;30;30;30;20;25;20;15;5;5;5;0;5084
247;35060247;424;425;215;10;20;15;20;25;20;15;20;10;15;10;15;10;10;0;0;0;0;210;10;20;20;20;25;10;20;10;15;20;15;10;5;10;0;5;0;0;5084
248;35060248;507;510;270;15;15;10;20;35;45;30;25;15;15;10;15;5;0;5;0;0;0;240;15;20;10;15;50;40;30;15;15;10;5;5;10;0;0;5;0;0;5084
249;35060249;739;735;430;5;0;0;5;40;65;50;45;55;55;45;20;10;10;10;5;0;0;305;5;0;0;5;45;60;45;30;30;20;15;10;10;10;5;5;5;5;5084
250;35060250;468;465;230;10;10;10;20;25;25;25;10;20;10;15;10;15;10;5;5;5;0;235;10;10;10;5;15;20;25;15;20;25;25;20;15;5;5;5;5;5;5084
251;35060251;472;475;225;5;5;5;5;35;25;20;20;20;25;10;15;10;5;5;0;5;5;245;10;5;5;10;40;30;20;15;15;10;10;10;5;10;10;5;5;15;5084
252;35060252;574;575;275;5;0;5;10;30;60;35;35;15;15;10;20;15;5;5;5;5;0;300;10;0;5;5;40;50;35;25;20;10;30;15;15;0;10;10;5;0;5084
253;35060253;589;585;115;5;5;0;5;15;15;10;5;5;5;5;5;5;5;0;5;15;15;470;0;0;0;0;15;15;5;5;0;5;10;10;20;25;40;50;85;170;5084
254;35060254;538;535;265;0;5;0;5;5;35;40;30;20;15;20;25;20;10;15;15;5;5;275;5;5;0;0;10;40;30;30;20;15;15;20;20;10;15;10;10;10;5084
255;35060255;518;515;255;5;15;10;5;15;40;25;20;20;15;20;20;15;10;10;5;10;0;260;5;0;10;10;25;25;20;25;15;15;25;15;15;10;10;10;10;5;5084
256;35060256;774;775;415;5;0;0;5;45;75;60;45;45;25;30;30;10;20;10;5;5;5;360;0;0;5;15;45;80;40;35;20;25;35;15;20;20;5;5;0;0;5084
257;35060257;992;995;710;5;0;5;5;45;75;70;70;85;100;100;60;45;20;15;15;5;5;280;5;0;5;5;35;45;25;20;15;20;25;25;15;15;15;10;5;10;5084
258;35060258;954;955;480;10;5;10;25;105;85;55;25;40;30;25;25;15;10;10;5;5;0;475;20;10;5;15;110;90;45;30;35;25;20;30;10;15;5;5;5;5;5084
259;35060259;494;495;230;0;5;0;10;35;50;20;15;20;10;10;15;0;10;5;5;5;0;265;5;0;0;10;60;45;20;20;10;20;20;15;10;10;10;5;0;5;5084
260;35060260;480;480;220;5;0;10;10;50;40;20;5;10;10;15;15;15;5;5;0;5;0;260;5;0;5;15;80;40;25;15;5;10;10;15;10;5;5;5;5;5;5084
261;35060261;618;620;285;5;0;5;10;70;60;35;15;15;15;20;15;5;5;5;5;5;10;335;0;0;5;5;75;60;35;25;15;15;10;15;10;5;0;5;10;25;5084
262;35060262;657;655;320;5;5;10;10;90;65;30;20;10;25;15;15;10;5;0;5;5;0;340;0;0;0;35;125;60;20;15;5;15;20;15;10;0;0;0;0;5;5084
263;35060263;647;645;315;0;5;5;10;35;30;30;20;20;20;25;30;20;25;20;15;15;5;330;0;5;5;10;45;40;20;15;20;15;15;30;25;25;20;15;25;5;5084
264;35060264;470;470;240;10;5;10;15;55;30;20;15;15;20;15;15;10;5;0;0;0;0;230;15;10;10;5;55;30;15;20;10;10;15;15;5;0;5;5;0;0;5084
266;35060266;369;370;170;0;10;10;5;35;15;10;15;15;10;5;10;10;5;5;5;0;0;200;10;5;10;10;45;25;15;15;15;10;5;15;5;5;5;5;0;0;5084
315;35060315;468;470;235;5;5;5;0;15;35;40;20;15;25;15;10;5;5;10;0;10;5;230;5;10;5;10;10;40;35;20;15;10;20;15;5;15;10;5;5;10;5084
316;35060316;464;465;240;10;5;5;5;25;50;45;25;15;15;20;10;5;0;5;0;0;0;220;10;0;5;10;45;40;15;25;10;15;10;10;5;5;5;5;0;0;5084
317;35060317;448;445;235;5;0;5;5;15;60;50;25;25;5;15;15;5;5;5;5;0;0;210;0;0;0;5;35;70;25;15;10;15;10;10;10;0;0;5;0;0;5084
318;35060318;548;550;280;5;5;0;5;30;45;40;25;25;15;20;15;5;10;10;5;5;0;270;5;5;10;15;60;35;35;10;20;15;10;10;10;5;5;15;5;5;5084
319;35060319;518;520;245;5;10;5;5;20;65;30;35;15;15;10;10;5;5;5;5;10;5;270;0;0;0;5;50;70;40;20;30;10;15;5;5;5;10;0;5;0;5084
320;35060320;701;700;350;5;5;0;5;40;65;60;15;25;40;25;20;20;15;15;10;5;0;350;0;0;5;5;70;70;50;20;20;20;15;15;10;15;15;10;0;0;5084
321;35060321;571;570;295;5;0;5;0;20;65;55;25;30;20;30;10;10;10;5;5;5;0;270;0;0;0;5;20;85;45;30;10;20;10;20;5;5;10;0;0;5;5084
322;35060322;429;430;195;0;5;5;10;15;25;20;10;10;25;20;10;10;10;0;5;10;5;235;5;5;5;5;30;35;25;20;15;15;15;15;5;10;10;15;10;10;5084
323;35060323;437;440;200;5;5;5;5;20;45;20;10;25;15;20;10;10;5;0;5;0;0;235;5;0;5;5;30;55;30;20;20;20;10;15;10;5;0;0;5;5;5084
324;35060324;532;530;255;15;5;5;15;10;30;20;25;15;15;20;25;20;10;15;10;5;0;280;5;10;10;10;15;25;20;25;20;15;20;20;30;20;5;10;10;15;5084
328;35060328;507;510;275;0;5;0;15;15;55;25;25;35;25;25;25;15;5;5;5;5;0;235;5;0;0;5;30;40;25;25;15;30;15;15;5;5;5;10;10;5;5084
329;35060329;560;560;245;10;5;5;10;10;15;20;20;25;15;20;25;20;10;10;10;10;10;310;10;10;10;15;20;35;30;20;15;20;25;20;25;20;10;10;20;10;5084
330;35060330;600;600;285;5;0;15;10;10;35;30;35;25;20;25;25;20;15;10;0;0;5;315;10;0;0;10;20;45;30;35;25;25;25;15;25;15;10;5;5;5;5084
331;35060331;491;495;225;5;5;5;5;20;50;30;30;20;15;10;10;10;10;0;5;0;0;270;0;5;0;0;40;60;35;20;20;10;15;10;10;5;15;10;10;5;5084
332;35060332;340;340;160;5;0;0;5;30;35;30;15;10;5;5;10;5;10;5;0;5;0;175;0;0;0;5;20;40;35;25;5;10;10;15;10;5;5;0;0;5;5084
333;35060333;448;445;210;0;5;5;0;10;20;15;5;10;10;15;20;25;15;15;15;10;10;240;0;5;5;5;15;25;10;5;10;10;20;30;20;25;20;15;15;25;5084
334;35060334;663;665;300;5;0;5;0;25;60;35;25;30;20;25;30;10;0;10;5;5;0;365;0;0;5;5;45;85;40;20;25;20;15;20;15;10;15;15;15;5;5084
335;35060335;739;740;330;0;5;0;0;25;80;45;45;35;25;25;20;10;5;5;5;5;5;410;5;0;0;5;45;115;50;25;30;15;25;15;15;15;10;15;10;10;5084
336;35060336;491;490;245;15;5;0;10;25;35;35;25;20;15;15;10;10;5;5;0;0;0;250;15;0;0;10;35;40;40;20;10;15;20;15;10;5;5;10;5;0;5084
337;35060337;573;575;295;5;5;5;5;40;60;35;25;35;25;15;20;5;5;5;10;0;0;275;0;0;5;5;55;55;30;20;15;15;15;15;5;10;10;5;10;10;5084
338;35060338;386;390;195;5;5;5;0;20;35;25;20;25;15;15;10;10;5;5;5;5;0;190;5;0;0;10;25;30;15;20;10;10;15;10;5;5;5;5;10;5;5084
339;35060339;540;540;255;0;0;0;10;40;30;35;30;20;30;30;15;10;0;5;5;0;0;285;5;0;5;5;55;45;25;15;10;20;40;10;15;15;5;5;5;0;5084
340;35060340;456;455;230;10;0;5;5;40;40;35;20;20;15;15;10;5;5;0;5;0;5;220;5;0;0;5;60;35;30;10;10;15;10;15;5;5;5;0;5;5;5084
341;35060341;1046;1045;485;20;15;15;10;25;60;50;40;45;45;15;20;15;35;30;25;15;5;565;20;10;5;5;20;70;55;35;45;35;25;30;35;50;45;35;25;25;5084
342;35060342;668;670;320;10;5;5;10;40;45;50;25;40;20;15;15;25;5;5;0;0;0;345;5;0;0;15;45;65;45;30;25;25;25;20;15;10;5;10;5;0;5084
343;35060343;573;575;260;5;0;0;15;15;35;30;25;20;20;20;25;20;5;10;5;10;0;315;10;0;0;15;25;35;30;20;25;30;30;25;20;10;15;10;15;5;5084
344;35060344;540;540;290;10;5;0;15;25;35;35;35;25;35;20;30;0;5;0;0;5;0;250;5;5;5;15;35;50;35;20;15;20;25;10;5;5;0;5;0;0;5084
345;35060345;562;565;300;10;10;5;10;25;55;50;30;25;20;30;15;5;5;0;5;5;0;265;10;5;10;10;30;50;45;25;25;20;15;10;5;0;0;5;5;5;5084
346;35060346;452;450;265;10;0;5;0;15;40;40;35;30;25;20;10;10;5;0;5;0;5;185;10;10;0;5;20;35;30;25;10;10;10;10;5;10;0;5;5;5;5084
347;35060347;410;410;245;15;10;5;10;20;40;20;30;20;25;20;20;15;0;5;0;5;0;170;10;10;5;5;20;25;15;15;20;5;15;5;5;10;5;0;0;5;5084
348;35060348;436;435;235;15;15;10;10;25;25;30;20;20;15;10;15;5;5;5;5;0;0;205;10;10;15;10;15;25;20;20;20;15;20;10;10;5;5;5;5;0;5084
349;35060349;448;445;250;15;5;5;15;25;35;40;25;25;25;5;15;5;5;0;5;0;0;200;15;5;5;10;30;45;25;10;20;10;5;5;5;5;0;5;0;5;5084
350;35060350;376;375;230;10;0;0;5;15;20;25;15;40;25;20;10;10;5;5;5;5;0;145;5;5;5;0;10;15;10;10;15;20;10;10;10;0;5;10;5;0;5084
351;35060351;706;705;365;10;15;10;15;25;30;40;35;45;25;30;25;30;15;10;10;10;5;345;10;10;10;20;30;30;35;25;25;20;15;25;20;20;15;15;10;10;5084
352;35060352;469;470;235;15;5;10;15;20;15;15;40;20;20;15;20;10;5;5;10;0;0;230;10;5;0;15;10;25;30;30;25;20;20;15;15;0;0;5;10;0;5084
353;35060353;582;585;265;30;20;20;20;15;20;30;20;25;15;15;20;5;10;0;5;0;0;315;25;30;25;20;25;30;35;25;30;15;25;15;10;0;5;0;5;0;5084
354;35060354;455;455;210;5;0;5;10;10;20;20;15;20;10;15;20;15;10;20;5;5;5;250;10;5;5;5;10;25;25;25;10;10;25;20;15;20;15;20;5;5;5084
355;35060355;453;450;245;15;15;10;5;20;30;25;25;25;25;20;15;10;5;5;0;0;0;205;10;15;15;10;15;25;40;15;5;20;5;15;5;10;5;0;0;0;5084
356;35060356;467;470;265;15;5;10;15;15;35;25;15;30;20;25;15;10;10;15;5;5;0;205;10;10;10;10;15;20;15;20;20;10;10;10;5;10;10;10;0;5;5084
357;35060357;357;360;170;10;15;10;10;15;5;5;15;15;15;5;10;10;5;10;0;0;5;190;15;10;15;15;15;10;15;15;15;15;0;10;10;10;0;5;5;0;5084
358;35060358;332;330;170;5;5;10;10;20;20;15;20;15;10;5;10;5;10;10;0;0;0;155;10;10;10;5;15;15;15;10;15;5;10;10;5;10;5;5;0;0;5084
359;35060359;616;615;310;20;25;20;20;25;20;25;25;30;30;35;15;5;5;10;5;5;0;305;15;15;30;15;30;30;30;35;25;20;20;10;10;10;5;5;5;0;5084
360;35060360;638;635;315;25;10;10;10;40;55;30;35;35;15;20;5;5;5;0;5;0;0;320;20;15;10;20;60;55;35;30;25;15;10;10;0;5;10;0;0;0;5084
361;35060361;582;585;375;10;10;10;25;35;40;55;40;40;35;30;15;15;5;0;5;0;0;205;10;10;10;5;25;35;20;15;20;20;15;5;10;0;5;0;0;0;5084
362;35060362;550;550;280;10;25;30;25;30;20;15;20;30;20;15;15;15;0;5;0;0;0;265;15;30;25;10;25;20;20;25;20;15;20;10;5;5;5;0;5;0;5084
368;35060368;493;490;245;10;0;10;5;50;35;30;25;15;20;10;10;10;5;5;0;0;0;245;10;10;0;5;30;40;30;15;15;15;20;10;5;15;5;10;5;0;5084
370;35060370;504;505;215;5;0;5;0;5;0;5;5;0;0;5;5;25;45;45;35;20;10;295;5;0;0;0;5;10;5;5;0;5;5;0;30;75;70;40;25;25;5084
379;35060379;532;535;265;15;10;30;30;10;10;15;25;30;25;20;20;5;10;5;0;5;0;265;20;20;20;15;15;15;15;25;25;25;25;20;10;5;0;5;5;10;5084
380;35060380;572;575;285;20;20;15;25;25;15;25;25;25;20;15;20;10;5;5;5;5;0;290;15;10;20;5;15;25;35;25;25;30;25;15;10;5;5;10;5;10;5084
381;35060381;397;395;195;10;10;5;10;15;20;15;20;10;15;15;15;5;5;5;10;0;0;205;10;5;10;5;10;25;15;20;25;10;15;15;10;5;10;10;5;5;5084
382;35060382;530;530;265;15;5;10;10;15;30;25;20;35;20;20;30;10;5;5;5;5;0;265;20;5;10;10;20;25;35;15;25;25;25;15;10;5;5;5;5;10;5084
383;35060383;699;700;310;10;5;0;5;15;40;45;35;30;35;25;25;15;5;5;10;5;5;395;10;10;10;10;15;45;50;25;30;40;40;30;20;15;15;10;15;10;5084
384;35060384;532;530;280;20;10;5;10;25;30;30;20;25;20;25;25;15;5;5;10;0;0;255;15;5;10;10;20;50;30;15;20;20;25;15;10;5;5;5;5;0;5084
385;35060385;474;475;205;5;5;5;10;10;25;25;20;15;20;15;20;10;10;10;5;5;5;270;15;15;15;5;10;35;20;20;25;15;25;15;10;15;10;15;10;0;5084
386;35060386;441;440;230;10;10;5;10;20;20;25;25;20;15;15;15;10;5;5;5;0;5;210;15;10;10;5;25;20;25;20;15;15;10;10;10;0;0;5;0;0;5084
387;35060387;455;455;220;15;15;5;10;15;20;30;25;20;15;15;10;5;10;0;5;0;0;235;20;15;15;10;15;25;35;20;15;15;5;15;10;10;5;5;0;0;5084
388;35060388;277;275;135;5;0;0;5;5;20;10;15;10;10;5;15;10;5;10;5;5;0;145;0;5;5;0;0;10;20;5;10;10;10;15;20;10;5;5;10;5;5084
389;35060389;475;475;245;10;5;5;5;15;55;35;20;25;15;15;10;5;10;0;5;0;5;235;5;10;0;5;20;45;30;25;5;20;15;5;10;10;15;5;5;5;5084
390;35060390;524;520;275;15;20;15;10;10;25;20;35;35;20;25;25;10;5;0;5;0;0;250;15;20;15;10;15;35;25;15;20;20;20;15;10;0;5;10;0;0;5084
391;35060391;555;555;265;10;10;5;5;10;15;20;15;25;25;20;20;20;35;25;15;10;0;285;5;5;0;5;10;20;10;5;10;20;15;15;30;35;40;20;15;15;5084
392;35060392;577;580;265;10;10;5;15;15;40;40;15;25;25;25;10;15;5;10;5;0;5;310;15;5;5;15;15;50;35;25;20;30;25;20;10;5;5;5;10;15;5084
393;35060393;675;675;360;30;20;10;10;30;45;50;30;50;20;20;20;15;5;0;0;5;0;315;20;5;5;15;35;55;40;30;30;15;20;15;10;10;5;5;5;0;5084
394;35060394;481;480;230;15;10;10;15;30;35;15;20;15;10;20;10;5;5;0;0;0;5;255;10;10;10;20;40;30;25;25;25;15;10;10;5;5;0;0;0;0;5084
395;35060395;501;500;255;10;10;15;25;10;25;25;30;10;30;25;15;10;5;5;5;5;5;245;15;10;5;15;25;35;40;20;20;20;25;10;10;5;0;10;5;5;5084
396;35060396;518;520;250;15;10;10;15;30;20;35;20;25;15;20;15;10;5;0;0;0;0;265;15;20;20;10;25;35;20;15;20;35;20;10;5;0;5;5;0;0;5084
397;35060397;491;490;255;15;5;15;15;20;20;40;25;25;20;20;10;5;10;5;5;0;5;235;10;5;10;5;25;30;20;20;25;20;20;5;15;5;10;5;5;0;5084
400;35060400;518;520;250;5;0;5;0;15;30;15;15;15;15;15;15;15;20;25;20;20;10;270;5;0;5;0;20;20;10;15;15;20;20;25;15;20;15;20;30;25;5084
401;35060401;563;565;305;5;0;5;10;35;90;45;30;30;20;15;15;5;0;5;5;0;0;255;0;5;0;10;40;65;35;20;20;25;15;10;5;5;0;5;0;0;5084
402;35060402;539;540;265;5;5;0;0;10;35;35;25;20;30;30;20;10;10;10;0;5;5;275;5;5;5;5;20;40;35;10;20;25;35;10;15;10;15;10;10;0;5084
403;35060403;637;635;315;5;0;5;10;25;20;20;20;25;15;35;35;25;15;15;5;10;10;325;5;5;5;5;20;20;20;20;25;25;20;40;25;25;25;25;10;10;5084
404;35060404;598;600;295;10;5;5;5;20;25;20;20;35;30;40;35;15;15;5;10;5;0;305;15;10;10;10;20;30;20;20;25;35;25;25;25;15;15;10;5;5;5084
405;35060405;595;595;305;15;10;5;15;25;55;40;25;40;20;15;20;10;0;0;5;0;0;290;15;10;5;5;20;50;45;30;25;20;20;15;10;5;5;0;5;0;5084
406;35060406;682;685;375;15;15;0;5;30;70;50;45;25;35;30;20;10;10;10;0;5;5;310;10;15;5;5;20;55;50;30;20;25;20;10;15;10;5;5;5;5;5084
407;35060407;272;270;135;0;0;0;0;5;5;15;5;5;5;5;20;5;20;10;5;10;5;140;0;0;0;5;0;10;10;5;5;10;5;25;20;15;5;10;5;5;5084
408;35060408;604;605;310;5;0;10;5;30;40;40;20;30;40;30;35;15;5;10;0;0;0;295;0;5;10;5;35;50;30;15;20;20;25;30;20;5;5;5;5;5;5084
409;35060409;530;530;240;15;10;15;15;10;5;15;20;15;20;20;20;15;10;10;5;5;5;290;15;10;15;20;15;10;20;15;25;35;25;25;20;10;10;5;10;15;5084
410;35060410;573;575;275;10;10;10;15;10;20;10;45;20;25;25;20;15;5;10;5;5;5;300;15;10;15;15;15;25;25;30;30;25;30;15;10;5;10;5;0;5;5084
411;35060411;617;620;295;25;20;10;10;25;15;25;45;35;25;15;20;15;5;5;5;5;0;325;20;20;10;15;25;20;40;30;35;15;25;20;15;5;10;5;5;10;5084
412;35060412;651;655;325;20;20;30;20;15;15;10;25;35;35;35;25;10;5;10;10;5;0;325;20;20;20;25;25;15;20;20;30;40;30;25;5;10;5;5;5;0;5084
413;35060413;564;565;265;20;25;20;20;20;5;10;10;25;20;25;20;10;15;5;0;5;0;305;15;20;25;30;20;5;10;25;30;30;30;35;10;10;5;5;5;0;5084
414;35060414;396;395;185;5;5;15;10;10;5;20;10;25;15;20;15;5;10;0;0;0;5;215;10;5;20;5;5;10;15;15;25;20;25;15;15;10;5;5;5;10;5084
415;35060415;417;415;200;10;5;10;10;20;15;20;15;20;10;20;10;10;10;10;0;0;0;220;10;10;10;10;15;10;30;15;30;20;15;15;15;10;5;5;5;5;5084
428;35060428;386;385;185;10;10;5;10;10;15;20;20;20;15;10;15;10;0;5;0;5;0;200;15;10;5;10;10;20;20;15;15;20;15;15;5;5;5;0;5;0;5084
429;35060429;866;865;400;25;25;25;20;20;20;25;20;35;40;30;30;25;25;15;15;10;5;470;25;25;20;25;20;40;35;25;25;50;40;40;30;25;20;15;10;10;5084
645;35060645;1728;1730;665;20;10;15;10;35;25;35;40;35;45;40;50;45;35;60;60;80;25;1060;15;15;15;15;20;30;35;35;45;55;65;90;85;75;100;115;145;105;5084
650;35060650;649;650;325;10;20;20;20;10;5;10;10;20;25;30;35;25;15;20;15;15;0;325;10;15;25;25;20;5;10;15;20;20;25;35;20;25;15;15;10;5;5084
1018;35061018;509;505;240;20;10;10;10;25;25;15;25;10;15;15;15;10;15;5;5;0;5;265;15;10;10;10;15;30;30;20;30;10;25;10;15;10;10;0;5;5;5084
1020;35061020;924;925;385;0;0;0;5;30;25;25;20;20;30;30;40;40;25;20;30;35;10;540;5;0;5;10;40;45;20;10;15;35;35;50;35;30;40;50;50;50;5084
1021;35061021;311;310;160;5;10;10;5;20;15;20;15;5;10;10;10;15;5;0;0;0;0;155;5;10;5;10;15;25;25;10;10;0;10;15;5;0;5;5;0;0;5084
1022;35061022;465;465;185;5;0;5;5;10;25;15;5;10;10;5;15;15;15;20;10;10;5;285;5;5;5;10;20;15;15;15;0;15;15;10;25;30;30;25;25;20;5084
1023;35061023;382;380;180;5;5;5;15;10;20;15;20;20;10;10;5;10;15;5;5;0;5;205;15;5;10;10;30;15;15;20;10;15;10;5;10;15;10;5;5;5;5084
1024;35061024;537;535;270;5;0;0;0;20;25;30;30;25;25;15;35;25;10;10;5;5;0;265;5;0;0;5;35;35;30;15;15;15;15;20;20;15;25;10;10;0;5084
1025;35061025;882;880;370;25;20;25;25;45;40;30;35;25;20;20;20;10;5;5;0;10;10;520;35;30;20;25;60;55;35;30;30;30;25;15;10;5;5;15;35;50;5084
1026;35061026;361;360;170;5;0;5;5;30;30;10;10;5;15;10;15;10;5;5;0;0;0;190;5;5;5;5;25;30;15;15;10;10;10;15;10;10;10;5;5;5;5084
1027;35061027;316;315;145;5;0;0;0;20;30;20;15;10;5;5;5;5;0;0;0;5;0;175;10;5;0;5;45;20;20;15;5;10;10;10;5;5;5;0;5;5;5084
1029;35061029;624;625;295;10;10;5;5;30;40;45;15;20;20;25;25;15;10;10;0;0;5;330;10;5;5;10;70;35;20;20;15;20;25;35;15;10;5;5;10;0;5084
1189;35061189;770;770;345;15;5;5;5;25;40;25;20;20;20;25;20;15;10;20;30;25;15;425;20;5;10;20;30;25;25;20;20;15;25;20;30;25;25;40;50;20;5084
1217;35061217;368;370;175;10;0;5;15;10;5;15;20;10;15;15;20;10;5;10;5;5;0;195;10;10;10;10;15;0;15;25;15;20;10;25;10;5;5;10;5;0;5084
1218;35061218;499;500;230;5;20;20;15;15;5;10;5;25;25;20;15;15;10;5;5;0;5;270;15;20;20;20;10;10;15;10;25;25;35;20;15;10;5;0;10;10;5084
1219;35061219;654;650;315;20;10;15;15;15;15;25;35;25;30;30;35;15;5;5;10;10;0;335;15;5;15;25;15;15;20;35;30;40;35;20;15;10;0;15;5;5;5084
1220;35061220;407;405;200;5;5;0;5;20;40;30;20;25;25;10;10;10;5;5;0;0;0;205;5;0;10;5;30;50;30;20;15;10;15;5;10;5;5;0;0;0;5084
1221;35061221;647;650;320;5;5;0;10;35;45;30;40;35;25;20;25;5;15;5;10;5;0;325;5;5;5;5;40;55;40;20;20;15;25;20;20;10;10;10;10;10;5084
1222;35061222;574;575;295;5;5;5;15;80;35;35;15;20;10;15;10;10;0;5;5;5;0;285;5;0;5;25;100;50;20;15;5;20;15;10;10;0;5;5;10;5;5084
1223;35061223;539;540;255;10;5;15;5;45;40;35;20;5;15;15;15;10;5;5;10;0;0;285;5;5;0;25;50;45;30;20;15;15;15;10;20;5;5;5;10;0;5084
1224;35061224;474;475;240;10;0;0;20;85;50;25;10;15;5;10;10;5;5;0;0;0;0;235;0;5;5;15;100;40;10;5;10;10;5;10;5;5;0;0;0;5;5084
1225;35061225;513;510;270;10;5;5;10;60;40;25;15;25;10;20;20;15;5;5;5;0;0;235;5;5;5;20;75;30;15;10;10;10;15;10;0;0;5;5;5;5;5084
1226;35061226;352;350;185;5;10;15;10;25;20;20;15;10;10;20;10;10;0;0;0;0;0;165;10;5;5;10;15;10;10;20;20;10;20;10;10;0;5;0;5;0;5084
1258;35061258;1412;1415;660;30;20;20;25;40;70;75;40;45;45;50;40;40;30;30;25;20;20;755;15;15;15;15;50;75;60;40;50;45;65;60;35;45;35;55;45;40;5084
1259;35061259;792;790;360;20;20;15;15;20;35;30;30;45;35;30;25;10;5;10;10;5;0;435;25;20;15;25;20;30;40;40;25;40;40;35;15;20;15;10;5;5;5084
1260;35061260;1101;1100;465;20;10;10;15;30;25;35;35;25;30;30;35;40;20;20;20;25;30;635;15;25;15;20;45;20;30;30;35;40;35;40;40;25;30;40;60;90;5084
1345;35061345;347;345;130;5;5;5;5;0;10;20;10;10;5;10;10;5;5;0;5;5;10;220;10;0;5;10;5;20;25;15;10;10;10;20;5;0;10;5;20;40;5084
1346;35061346;412;410;195;20;15;5;10;10;10;15;25;15;20;20;20;10;5;5;0;0;0;215;10;5;10;10;15;15;20;20;20;25;15;20;10;5;5;5;5;5;5084
1347;35061347;0;0;0;0;0;0;0;0;0;0;0;0;0;0;0;0;0;0;0;0;0;0;0;0;0;0;0;0;0;0;0;0;0;0;0;0;0;0;0;0;5084
